"","neutrophil","nk_cell","b_cell","cd4_t_cell","cd8_t_cell","monocyte"
"cg02091275",0.755096274,0.100349376666667,0.075732131,0.0949105132857143,0.0946395588333333,0.110377073333333
"cg10613215",0.819800698333333,0.0699676636666667,0.0581916681666667,0.0679813267142857,0.0616632755,0.1206288665
"cg04738410",0.285107747833333,0.067223653,0.0685361233333333,0.0617949765714286,0.0610964495,0.0707356848333333
"cg23954655",0.715038580666667,0.144340156666667,0.0671802298333333,0.0735765287142857,0.0833363446666667,0.121664823666667
"cg10825315",0.5233543905,0.0727118191666667,0.0671580681666667,0.076920369,0.065128404,0.0876205306666667
"cg12093275",0.628747263,0.0921174683333333,0.0706522745,0.122132589285714,0.124167337333333,0.0836999431666667
"cg05915362",0.257349644,0.0668044366666667,0.0631257101666667,0.0685656162857143,0.0680409448333333,0.0704057378333333
"cg15472145",0.363271313166667,0.0815025313333333,0.0606979285,0.0690885521428571,0.0676083335,0.0698081273333333
"cg14781394",0.3108111575,0.0689156781666667,0.0748431058333333,0.0721041984285714,0.0666883216666667,0.0914343316666667
"cg03753191",0.178238061,0.0550008521666667,0.0556805913333333,0.056361112,0.0515835215,0.0599856698333333
"cg04554131",0.3193602525,0.0651369091666667,0.0884511185,0.0712831194285714,0.0601950006666667,0.0728045913333333
"cg08708961",0.292467637833333,0.0517493828333333,0.0425235485,0.0457009697142857,0.0475189386666667,0.0601825311666667
"cg05366453",0.423619721833333,0.101688956333333,0.0984893721666667,0.0953686174285714,0.0831263086666667,0.117683148333333
"cg23889684",0.255598448,0.0796410416666667,0.0811979333333333,0.0751769855714286,0.0762015466666667,0.0865531936666667
"cg09936080",0.430200144333333,0.0526036131666667,0.0479705,0.0877315505714286,0.0975859985,0.0532004658333333
"cg11612354",0.407092808333333,0.083294216,0.04141036,0.0498465758571429,0.0568611158333333,0.064349718
"cg13525276",0.433833301,0.0763848258333333,0.0624947286666667,0.0736024152857143,0.0633508048333333,0.100090356
"cg21264165",0.679778201333333,0.1639076245,0.0717971126666667,0.0918473004285714,0.173387505166667,0.0828057488333333
"cg24197536",0.777092044833333,0.100851527,0.079635581,0.133931085714286,0.1821345565,0.160577712333333
"cg19935718",0.259247347666667,0.0600186036666667,0.0552830338333333,0.0577806322857143,0.061324013,0.0629049731666667
"cg24756631",0.196898366,0.0570575686666667,0.0652696751666667,0.0567515915714286,0.0604167125,0.0736431726666667
"cg14637146",0.498607412,0.1661779915,0.0659108793333333,0.0941714902857143,0.107843839666667,0.1129830895
"cg11311865",0.681711062,0.205955191666667,0.0900620846666667,0.156007234142857,0.1587527875,0.149812336166667
"cg04449166",0.8060210995,0.130911504666667,0.0579803058333333,0.184873667285714,0.205411751333333,0.114113111166667
"cg08311647",0.430123779166667,0.0803788373333333,0.0472238113333333,0.0927574271428571,0.122003304166667,0.061063667
"cg21870144",0.268913021,0.071003697,0.0661672728333333,0.093626499,0.0827656833333333,0.0821380381666667
"cg06516865",0.324058791166667,0.100477018833333,0.0349229916666667,0.0662705625714286,0.0832371515,0.044373414
"cg03172796",0.2002669705,0.0808306515,0.07762944,0.0735279252857143,0.0732673276666667,0.0838402166666667
"cg25446602",0.2454364215,0.0695516181666667,0.058375545,0.0628378705714286,0.0650874726666667,0.0979189143333333
"cg24102319",0.293281687833333,0.069038234,0.0572825283333333,0.0859887182857143,0.0772827136666667,0.0968299033333333
"cg18625627",0.363959679166667,0.071489513,0.0617504445,0.066262887,0.062394252,0.0879637128333333
"cg26341831",0.766460837166667,0.0930445158333333,0.0532080658333333,0.187395933857143,0.0715317011666667,0.196377547666667
"cg15516759",0.490763615333333,0.0951761005,0.173837376833333,0.0935565495714286,0.0979994506666667,0.0920603411666667
"cg15362140",0.184918353833333,0.0650557143333333,0.062634215,0.0659815011428571,0.0604890766666667,0.0715717211666667
"cg07878065",0.161245629166667,0.0594481781666667,0.0569014931666667,0.0574904764285714,0.0557904123333333,0.0614273325
"cg25804542",0.402998041666667,0.0946375271666667,0.143865781166667,0.0904354042857143,0.089466748,0.106846536166667
"cg14116294",0.375283624833333,0.0624007435,0.0697826655,0.0605568672857143,0.062282261,0.0854892401666667
"cg15701639",0.551949401,0.100925361833333,0.130523916166667,0.0732534872857143,0.0733513366666667,0.094791174
"cg16478871",0.207831181333333,0.074953803,0.0606792858333333,0.0791181348571429,0.071646924,0.0605476211666667
"cg09993145",0.837930814166667,0.0506291815,0.249590891166667,0.0776125485714286,0.044729505,0.07108041
"cg21761853",0.590308494833333,0.108574134333333,0.228574578666667,0.166111558714286,0.121904498666667,0.136112791
"cg22793053",0.176334733666667,0.0575860386666667,0.0488752563333333,0.0637065071428571,0.0511471785,0.072467602
"cg02019495",0.143910492166667,0.0537906596666667,0.0498091266666667,0.0517944735714286,0.0523221025,0.0576869281666667
"cg16011033",0.290930195833333,0.0668820261666667,0.0829175723333333,0.0637661801428571,0.0619837263333333,0.0657961396666667
"cg13928272",0.832461962,0.2914435025,0.168955137333333,0.129255702714286,0.0956306283333333,0.120425738333333
"cg01134075",0.0918706008333333,0.0348222213333333,0.0358122826666667,0.0355041707142857,0.0351925475,0.0431661791666667
"cg10083098",0.3701860495,0.101895248166667,0.09531307,0.09095996,0.0960881841666667,0.150370201166667
"cg07821894",0.14049521,0.058545593,0.0679763183333333,0.058449313,0.0564566128333333,0.0658618196666667
"cg01156663",0.452478620833333,0.0705466881666667,0.062244398,0.0558228531428571,0.0642793808333333,0.157479873333333
"cg09576161",0.523829354833333,0.0962195698333333,0.0639962721666667,0.141359068142857,0.123228227833333,0.175844566833333
"cg05398700",0.0752784023333333,0.952786804333333,0.956004464666667,0.958020735857143,0.9602070005,0.925960496666667
"cg15724534",0.166376002333333,0.884126838833333,0.892440198166667,0.890362508714286,0.904947866,0.873181178833333
"cg20030158",0.1164193455,0.885964947833333,0.897043875333333,0.894921980285714,0.907645551666667,0.892442891166667
"cg05956380",0.166229167333333,0.896838904666667,0.905872622166667,0.903006040428571,0.9188532675,0.8868225435
"cg10133935",0.245277613166667,0.872945415,0.889680038666667,0.88538608,0.892032355833333,0.878292554833333
"cg11014468",0.144945431333333,0.870867526,0.888525764666667,0.876469597571429,0.893377914666667,0.881085405
"cg04533831",0.196230501833333,0.881644047833333,0.895421284,0.890341875857143,0.892885067666667,0.882177083
"cg11070172",0.203962210166667,0.949738861333333,0.9662107065,0.961756375,0.945239801166667,0.957809959833333
"cg15421041",0.121066236333333,0.864740005166667,0.876316278333333,0.866500874714286,0.878036703333333,0.873962567666667
"cg14054880",0.1132164105,0.863753248166667,0.868017242166667,0.857953188428571,0.896131996333333,0.879404731
"cg27393431",0.3151965885,0.883168718333333,0.8764319155,0.885127357285714,0.889973474,0.880442195833333
"cg14352586",0.149640725666667,0.8789852325,0.878884077333333,0.874671783428571,0.884778184333333,0.888696329666667
"cg25739938",0.0807637833333333,0.858267963,0.881257071833333,0.878380788,0.8899242495,0.866962583333333
"cg13155300",0.149570760333333,0.871083343333333,0.873298746,0.878223987714286,0.887133297833333,0.864561915333333
"cg27557168",0.0985059656666667,0.863333693666667,0.883540421833333,0.868392667428571,0.882428346166667,0.845821611166667
"cg07431832",0.176576116333333,0.849658720166667,0.858482013666667,0.860292519,0.871581421,0.84825472
"cg15107418",0.109948026833333,0.867185111166667,0.862803334833333,0.868000323857143,0.882220619333333,0.845406857833333
"cg10914422",0.0993523226666667,0.852936940666667,0.8713899545,0.868098123428571,0.870487015166667,0.861702566
"cg22400420",0.149506718166667,0.829873807666667,0.851717138333333,0.849224511428571,0.850234559333333,0.8335841485
"cg01893721",0.111972946833333,0.8448772965,0.853762475333333,0.853227434142857,0.856221381166667,0.863063029666667
"cg25803263",0.1331029415,0.858489240666667,0.872717257,0.867985661571429,0.8847558885,0.853773418666667
"cg02735685",0.143519245,0.848594225333333,0.851753937166667,0.842510360571429,0.860203939833333,0.820416575
"cg03637218",0.110587820333333,0.85542625,0.878051072,0.864968635714286,0.865843619166667,0.8830720005
"cg20077668",0.168933040833333,0.884090570166667,0.887590042166667,0.876623602714286,0.8883296515,0.865869173833333
"cg12621097",0.117096255833333,0.849610023833333,0.859967329333333,0.845260250714286,0.866908468833333,0.861510151166667
"cg16683571",0.173585257,0.88981512,0.8866687065,0.886411390571429,0.9079264965,0.8794505895
"cg25600606",0.137354073666667,0.8814410385,0.8859788555,0.881665368428571,0.900137413833333,0.854045544
"cg19260752",0.188603203833333,0.847005136166667,0.867483716666667,0.866262636428571,0.877624696333333,0.871223515333333
"cg01699630",0.136544071166667,0.8483611735,0.849095507,0.833230934857143,0.844535306666667,0.859160345666667
"cg11328284",0.138696185333333,0.8777241035,0.878049697833333,0.876625257571429,0.873680540833333,0.8524228505
"cg03254865",0.1265237885,0.868275542166667,0.883883606333333,0.863297044428571,0.886018929333333,0.868284267666667
"cg10342963",0.321886068666667,0.933230962666667,0.940601035166667,0.938704883428571,0.930926417166667,0.931352205833333
"cg07281649",0.117713951333333,0.850705899666667,0.8703926385,0.870874116285714,0.874561702666667,0.860369761833333
"cg01639416",0.1604016475,0.861919043333333,0.862351160833333,0.857595583428571,0.884852983,0.846204056333333
"cg14095610",0.251141744666667,0.8977239965,0.9075113925,0.889212876285714,0.903227882,0.890318141666667
"cg07619820",0.126837937833333,0.852060767333333,0.859905469166667,0.851563768571429,0.859371434,0.838208103166667
"cg02015961",0.1200027775,0.844507823666667,0.868691635166667,0.860366464428571,0.873091724666667,0.825701439833333
"cg17781418",0.153196158666667,0.8761041005,0.891453379166667,0.886220447571429,0.893760446666667,0.869741012666667
"cg00501765",0.168424827833333,0.829791809166667,0.846139447333333,0.844483650285714,0.851494241166667,0.834096599833333
"cg19037107",0.0816659285,0.861689827666667,0.891828773,0.873937571,0.868245307666667,0.8381755595
"cg04858164",0.122577010833333,0.878730935333333,0.893126816,0.881647676714286,0.895844847333333,0.843995060333333
"cg26891362",0.149336732,0.862478516333333,0.875488939666667,0.861949894142857,0.880324410333333,0.835278232166667
"cg22913250",0.135713131333333,0.822244000333333,0.847531587,0.829256727428571,0.850583232833333,0.820479332666667
"cg05458724",0.321374794,0.839825074833333,0.859233539666667,0.846257518571429,0.865258748,0.837837202833333
"cg13699412",0.0916943038333333,0.847911876666667,0.871916136333333,0.860328484142857,0.876829585,0.850056569833333
"cg04082721",0.100105476333333,0.824717320166667,0.832638893166667,0.810638810571429,0.830977213,0.796946529
"cg13618969",0.165763320166667,0.852703203666667,0.8530233975,0.857190579571429,0.877030626833333,0.851095560166667
"cg08218512",0.203646552,0.876687280833333,0.8998142245,0.902886959285714,0.909762557,0.887407486333333
"cg23390360",0.190036407166667,0.832832614666667,0.841364054666667,0.829805503285714,0.839656028,0.8342864815
"cg26647135",0.224107168,0.8695264355,0.889759001166667,0.878896721428571,0.893229555166667,0.849768163333333
"cg13315450",0.102455189833333,0.442796309,0.105593028333333,0.112285374285714,0.1144393305,0.1283329865
"cg25546991",0.095856858,0.350865919333333,0.085158588,0.106299959,0.121843817,0.105931862833333
"cg19760410",0.0428403551666667,0.196513149,0.0449417023333333,0.0461274982857143,0.06348603,0.0457799525
"cg07603058",0.0574812425,0.467483185,0.111737526833333,0.0653192138571429,0.0802678316666667,0.058912154
"cg01909656",0.0404927041666667,0.276205851,0.0598418318333333,0.054839324,0.0664088168333333,0.0415094756666667
"cg14426428",0.079623495,0.4161149095,0.0701255908333333,0.0866327685714286,0.106889324166667,0.0880945288333333
"cg14011327",0.0732628325,0.487866441333333,0.0760172165,0.103937295142857,0.112724103833333,0.0794123135
"cg14928510",0.0810450718333333,0.301594836833333,0.0757822511666667,0.0963185107142857,0.102611056166667,0.0712614248333333
"cg10264728",0.051036418,0.300731892333333,0.0883879931666667,0.0725465575714286,0.0857694031666667,0.0521320141666667
"cg24254387",0.0575533591666667,0.309824803,0.0642627293333333,0.0609841347142857,0.0671823013333333,0.0559294385
"cg14258143",0.0374880001666667,0.272184177166667,0.0419576041666667,0.0386692012857143,0.0501850253333333,0.0335592156666667
"cg11332928",0.0597678391666667,0.200602312,0.0706376251666667,0.0603818288571429,0.0638973096666667,0.0598772625
"cg26824234",0.169667378833333,0.6566814005,0.0766467045,0.101138510142857,0.145093159833333,0.122085288166667
"cg07809589",0.0905230263333333,0.416514517166667,0.101504345666667,0.120045568857143,0.1300776795,0.0992814988333333
"cg04313875",0.0256327,0.251759386833333,0.0319728646666667,0.0273128294285714,0.0371056696666667,0.024833125
"cg04865018",0.053430088,0.171975171833333,0.0546403096666667,0.0574776877142857,0.0630062078333333,0.0522262791666667
"cg07826424",0.0618824806666667,0.250105638166667,0.064495231,0.0697828451428571,0.0758198246666667,0.0663755033333333
"cg19254948",0.0686203996666667,0.313255801166667,0.0667644311666667,0.0911304651428571,0.103946288333333,0.0823470983333333
"cg16927242",0.0608481246666667,0.239241261666667,0.066546081,0.0784652335714286,0.0873337441666667,0.0662712715
"cg27043010",0.0543450078333333,0.369634817666667,0.0802746266666667,0.0645266102857143,0.0970057001666667,0.0492202276666667
"cg26931661",0.134366726,0.491776244666667,0.090026023,0.0765177652857143,0.132654709,0.0919505585
"cg03907390",0.111046113666667,0.362532795333333,0.0806590613333333,0.0957416341428571,0.132617188833333,0.106405376333333
"cg23045908",0.098541192,0.559579869666667,0.0916375698333333,0.136696388285714,0.149654249833333,0.133477130833333
"cg02139965",0.0455402193333333,0.464746143666667,0.0814770715,0.0727114654285714,0.142349817833333,0.0464974335
"cg11357008",0.0698878231666667,0.311819831,0.0599433875,0.09356964,0.0989814973333333,0.0607270976666667
"cg26971042",0.117450905333333,0.642457595666667,0.0734283825,0.110351436142857,0.188174688833333,0.102184606666667
"cg04894705",0.065791154,0.186526777,0.071034604,0.0681952014285714,0.0633030196666667,0.0633248925
"cg11863430",0.082144277,0.2184952365,0.0623037925,0.0686083988571429,0.0683932421666667,0.05885703
"cg23781022",0.0860277566666667,0.686208525666667,0.0807746791666667,0.0788192295714286,0.200401431166667,0.0682158033333333
"cg16159940",0.064396318,0.228812677,0.073323947,0.0582175207142857,0.0721747363333333,0.0658948663333333
"cg10475683",0.068508499,0.222187181,0.078140956,0.0674691027142857,0.0820266446666667,0.0775534258333333
"cg15770702",0.071839033,0.352423889166667,0.093219483,0.10651784,0.1186450145,0.0862351478333333
"cg18881723",0.075133408,0.651371572666667,0.0684469488333333,0.0669735001428571,0.18882277,0.0645269341666667
"cg11090273",0.0871497491666667,0.293068678166667,0.107392928333333,0.0811757888571429,0.0809451211666667,0.0808116416666667
"cg02905828",0.0801936311666667,0.277226283,0.111799639333333,0.0788319792857143,0.0857361898333333,0.0785326581666667
"cg08462306",0.0375231766666667,0.242477415,0.0434417305,0.0421565224285714,0.0450368511666667,0.0379142535
"cg20666940",0.0509099926666667,0.280688505666667,0.0809114565,0.0535092085714286,0.0544704706666667,0.057395894
"ch.10.20960905R",0.050794234,0.170815805166667,0.048911668,0.0602104454285714,0.055640163,0.0531894726666667
"cg19729237",0.050480512,0.3013650885,0.0817393843333333,0.0805992658571429,0.0830313135,0.0517663233333333
"cg19172427",0.07588398,0.380561933666667,0.0840334338333333,0.120603524571429,0.115434369333333,0.080656921
"cg21235018",0.0596565773333333,0.1784722985,0.0524945225,0.0697277618571429,0.0729747513333333,0.0575202561666667
"cg22277972",0.0794751576666667,0.205757303,0.0545532315,0.0720242711428571,0.0771948298333333,0.0583053685
"cg01880320",0.0597773915,0.172124962333333,0.0808606865,0.0665295088571429,0.0631270113333333,0.0615457711666667
"cg19924948",0.0679567466666667,0.213564211333333,0.0736035208333333,0.0678259024285714,0.0913387055,0.073406333
"cg08300793",0.0787360266666667,0.273804024166667,0.0638906845,0.0771615511428571,0.1060486925,0.0804866115
"cg01795081",0.0581342443333333,0.381941908666667,0.132317744166667,0.0701561151428571,0.0774401503333333,0.0803621048333333
"cg15348720",0.0735361106666667,0.468627178666667,0.0863123863333333,0.141160834142857,0.143615374166667,0.076447735
"cg23930334",0.0347655576666667,0.369058081,0.0379272566666667,0.0617607181428571,0.0823505925,0.0314656865
"cg08724920",0.158182660333333,0.539504075833333,0.218971863333333,0.118621460857143,0.173612713,0.162563145833333
"cg03451788",0.114023284166667,0.493021865666667,0.18682901,0.123604853,0.1352441165,0.125150127833333
"cg15876825",0.966908155333333,0.4780297135,0.969848632333333,0.963324899285714,0.961848650833333,0.970369264333333
"cg05875239",0.921901753333333,0.0912134598333333,0.911460018333333,0.914395447142857,0.895036145666667,0.922143048666667
"cg27274718",0.856358884166667,0.143819230833333,0.872404462666667,0.855907385285714,0.8680907535,0.8658038655
"cg14396758",0.889010347666667,0.498850474333333,0.892886987666667,0.881209914285714,0.8912312755,0.899341975
"cg04737115",0.885168581666667,0.235384431666667,0.8829809805,0.880470686428571,0.886199304333333,0.881101722166667
"cg17654020",0.8484858825,0.291531612333333,0.870799627,0.861479769714286,0.879691490166667,0.856002282333333
"cg16183122",0.935710509166667,0.484404038666667,0.943840730666667,0.925631375285714,0.924573523166667,0.945295884
"cg22521333",0.962565142,0.6538645985,0.962192624166667,0.957380894428571,0.9676465255,0.968915018333333
"cg03034148",0.837175710833333,0.3599305505,0.852264911166667,0.832666756714286,0.849342174666667,0.852428732833333
"cg18584272",0.890909847166667,0.198091689333333,0.905740186666667,0.871892467428571,0.8800417105,0.900911776833333
"cg12298955",0.9612669505,0.711205941666667,0.963147037166667,0.962322322857143,0.9704681955,0.967285427333333
"cg17578755",0.949299711666667,0.690892104166667,0.968219377166667,0.953732794142857,0.9640454975,0.962596620833333
"cg04186200",0.855683832166667,0.499624616,0.867245553,0.848382271857143,0.867932064166667,0.867790635333333
"cg20096463",0.8459150335,0.345628708166667,0.856872022833333,0.853770381,0.861328815833333,0.856107751833333
"cg24169118",0.8665406905,0.2477302115,0.871025896,0.859367783428571,0.869959792166667,0.880122552666667
"cg25426716",0.8494452045,0.245057847333333,0.863207835666667,0.849591054428571,0.859815147333333,0.877027257166667
"cg10206039",0.860842595833333,0.258623813,0.871356573,0.85466471,0.8605173135,0.866976934166667
"cg13617280",0.892370835833333,0.1276168795,0.946776944,0.940564983,0.9360655435,0.9440810035
"cg11173571",0.877590187,0.2489486645,0.883775005,0.859806306428571,0.873187046833333,0.881810640666667
"cg23428192",0.8224899795,0.404049026166667,0.847308591333333,0.824139451285714,0.839240734666667,0.854340411833333
"cg11790417",0.8399984735,0.321112839166667,0.853614144833333,0.827355857857143,0.843810942333333,0.840004194333333
"cg18629096",0.843664315833333,0.137923490166667,0.858741816166667,0.872540046142857,0.8459823265,0.876378900666667
"cg19149463",0.783827562166667,0.2932572545,0.785792682666667,0.795783515142857,0.770602854333333,0.7901184295
"cg07593542",0.887545775,0.338027883666667,0.861701653333333,0.860438818857143,0.866818060333333,0.891884139
"cg12274567",0.882789058166667,0.3990899725,0.877883408833333,0.848166483428571,0.867048446,0.894350674333333
"cg00515905",0.862262865833333,0.326222056,0.855647613833333,0.829001698571429,0.833716368166667,0.876665788333333
"cg25270899",0.8648353135,0.408873366166667,0.865714099833333,0.851138373142857,0.875167704666667,0.8785967095
"cg27495654",0.844830702,0.184720910833333,0.8509419465,0.824309872428571,0.823477581666667,0.8519451815
"cg10592926",0.9047851255,0.308456067833333,0.900950436166667,0.895245526285714,0.886827960666667,0.901712000333333
"cg26070063",0.884658871833333,0.571608432666667,0.893201813666667,0.870098331714286,0.8909812565,0.885013563833333
"cg10745620",0.834477090833333,0.212457653333333,0.888600611666667,0.890677215285714,0.902592500333333,0.895973363833333
"cg08373822",0.884380702833333,0.311132303,0.872905804333333,0.847180701428571,0.8542252235,0.877222789
"cg25846372",0.803466127666667,0.2651837235,0.8389129335,0.833332107857143,0.851751681166667,0.8316664635
"cg23855986",0.870417836833333,0.4041209395,0.873372296,0.864596588,0.883914276166667,0.884549762
"cg24902995",0.966013134666667,0.77671057,0.976542716666667,0.975159775285714,0.9788231835,0.981681410333333
"cg16360310",0.7772111125,0.212641464166667,0.795490471666667,0.802548260571429,0.816270247833333,0.807817236666667
"cg00949861",0.810696709,0.137914739833333,0.808456886,0.815705795571429,0.823625939,0.8105968635
"cg05508074",0.849891460333333,0.2863969615,0.8821831595,0.861056530857143,0.850850336833333,0.864286504166667
"cg11960708",0.8901858055,0.5496034765,0.897614312833333,0.881295499142857,0.885819547333333,0.895825339
"cg08704621",0.842119249833333,0.265570077,0.806307424333333,0.833587131428571,0.846843360833333,0.855335032333333
"cg05227215",0.913810918833333,0.4481274075,0.936051082666667,0.912487964571429,0.928336874,0.914779564166667
"cg01183860",0.835967255166667,0.316472799666667,0.836832157166667,0.830899915142857,0.844749392,0.850220221666667
"cg13292607",0.819711175166667,0.180692014666667,0.833361539666667,0.808469178285714,0.788795675333333,0.851002791666667
"cg00449738",0.901300543,0.390919984166667,0.884429771833333,0.885662926285714,0.892470454166667,0.8875255755
"cg05148385",0.8593674985,0.18499158,0.860579049166667,0.826989226857143,0.804806356333333,0.852774578833333
"cg19349476",0.850673122666667,0.39676449,0.8517439465,0.841464778428571,0.8571355085,0.8609712545
"cg13598219",0.865566680166667,0.322140286,0.889688487666667,0.885577106714286,0.885275067333333,0.877382493
"cg03956353",0.840843318833333,0.356980677666667,0.848706906833333,0.805041459714286,0.831958202333333,0.835316465333333
"cg12851731",0.8491481865,0.273944718166667,0.851350464833333,0.851503600857143,0.861660558333333,0.8633542765
"cg21275838",0.872271242833333,0.286643146333333,0.863594636,0.872852295,0.8890547785,0.860596286333333
"cg10727316",0.0524760616666667,0.0676411815,0.859669644666667,0.0748793895714286,0.061892188,0.0702437616666667
"cg08560387",0.0481598398333333,0.0516916053333333,0.634021676333333,0.0572992157142857,0.0534076683333333,0.0601751046666667
"cg20709165",0.0740573701666667,0.111398430666667,0.737392852833333,0.0790715582857143,0.109518524,0.100038866333333
"cg03208825",0.122238966666667,0.08911558,0.757639549166667,0.0804517664285714,0.0849849395,0.102642629
"cg03429643",0.0642769585,0.0715370261666667,0.730354483666667,0.084613749,0.0601561318333333,0.0989088788333333
"cg08619842",0.078624261,0.0696549606666667,0.394172298333333,0.0753028905714286,0.0704528411666667,0.0840107963333333
"cg08864105",0.097766128,0.144931299333333,0.868413716833333,0.106501623714286,0.107553153333333,0.110201649333333
"cg23127323",0.064202088,0.0618479838333333,0.318763881666667,0.0688251341428571,0.0668017348333333,0.0684614065
"cg25616055",0.051179203,0.1198558005,0.690839704,0.0784253835714286,0.1120434635,0.100693804666667
"cg24362952",0.0507058918333333,0.0539371875,0.377023438,0.0705613907142857,0.0502501281666667,0.0551563285
"cg21089993",0.0550054388333333,0.0482742555,0.474492608333333,0.068178057,0.0528556043333333,0.0555552296666667
"cg05468843",0.064750185,0.0660345218333333,0.449636652833333,0.056624201,0.0576739216666667,0.0562484816666667
"cg14317609",0.0630037873333333,0.0745569148333333,0.838431380666667,0.0905745308571429,0.144820502833333,0.0603130348333333
"cg08580187",0.0806793743333333,0.101433677166667,0.515086316666667,0.112047282428571,0.131662017833333,0.0813550813333333
"cg22446709",0.0485761791666667,0.0586863848333333,0.388598989833333,0.0671448755714286,0.0528211156666667,0.057236691
"cg07725527",0.148721586166667,0.152664631833333,0.608563656,0.136244785142857,0.139063947166667,0.170915188333333
"cg14344261",0.0305278938333333,0.0322209576666667,0.417581389833333,0.0421118464285714,0.0369727693333333,0.0439269128333333
"cg11514097",0.0632669545,0.0741400703333333,0.571009705833333,0.112049116142857,0.0959754833333333,0.106709561666667
"cg13910860",0.0697752091666667,0.0680776321666667,0.293195615333333,0.0713229417142857,0.0704963191666667,0.0722746145
"cg05141871",0.0376361953333333,0.0466321241666667,0.757268868833333,0.0958949772857143,0.0992451406666667,0.056821948
"cg23720822",0.0408938243333333,0.0430143993333333,0.249688344333333,0.049887061,0.043158938,0.0432503451666667
"cg07844255",0.0578756196666667,0.126985348333333,0.642868916,0.0487039504285714,0.0581185785,0.0771163323333333
"cg02013714",0.0507130668333333,0.178142363166667,0.868829533,0.0941173971428571,0.0916670571666667,0.0742542566666667
"cg10949007",0.0585448491666667,0.061897422,0.308979549666667,0.0788208298571429,0.0822623295,0.058664268
"cg11707899",0.0488675566666667,0.0623422935,0.374588958833333,0.0428338294285714,0.0614723908333333,0.0817674266666667
"cg11222700",0.0554358345,0.1048108855,0.635209239,0.0822287881428571,0.0827624155,0.092921005
"cg27471192",0.0686790465,0.0721277596666667,0.388493706333333,0.102302499857143,0.0821423115,0.0799916565
"cg08717003",0.05054294,0.0517014993333333,0.3224414415,0.0510541357142857,0.0534220076666667,0.0610920783333333
"cg19081636",0.0733792593333333,0.0789652601666667,0.381953060333333,0.087187208,0.0840956928333333,0.0767360688333333
"cg08708167",0.049125591,0.0554894196666667,0.566776109,0.0488796177142857,0.0469170043333333,0.0585481706666667
"cg20226460",0.0809588668333333,0.0510899561666667,0.424959021166667,0.05035507,0.0528677025,0.0839206401666667
"cg05289892",0.0795541595,0.0885843445,0.568976015666667,0.0937944551428571,0.0786952376666667,0.095491377
"cg24652706",0.0915457421666667,0.0985107646666667,0.352513692833333,0.0887809395714286,0.0765391258333333,0.0973195223333333
"cg18924738",0.121364413666667,0.1248229535,0.652826909,0.0732704258571429,0.0697160668333333,0.0763685003333333
"cg15507690",0.0411685105,0.0448310575,0.315537762,0.0439079177142857,0.043371847,0.0463460653333333
"cg24084719",0.0539565313333333,0.0500351578333333,0.216428263166667,0.0546160277142857,0.0532822936666667,0.0514309195
"cg09887532",0.122177656666667,0.138562110166667,0.506497582833333,0.161903244714286,0.129739911333333,0.105684094166667
"cg17266282",0.0717442146666667,0.1529755935,0.911545356833333,0.0920067565714286,0.1742137695,0.0824284175
"cg14595786",0.0719834831666667,0.0701891933333333,0.541626434333333,0.089375293,0.073461082,0.0723662885
"cg19432276",0.0721391245,0.0822055891666667,0.478079407333333,0.0924619174285714,0.0874831205,0.132457170833333
"cg08130572",0.118591821833333,0.0951398448333333,0.4963037695,0.093654288,0.0942097388333333,0.1321360755
"cg04581793",0.044745509,0.0426099563333333,0.377446624166667,0.0438545914285714,0.0434581033333333,0.0476878971666667
"cg00774089",0.0639425878333333,0.0733864105,0.521295794166667,0.0630758537142857,0.0618571036666667,0.0749575583333333
"cg18402516",0.063083799,0.0638108368333333,0.3765624485,0.0806939441428571,0.0701875753333333,0.0696280943333333
"cg02060460",0.0644948893333333,0.117631419166667,0.467296634,0.091265517,0.101053175833333,0.0787956448333333
"cg14255417",0.060581352,0.103287904333333,0.366144831666667,0.0612800045714286,0.0719185753333333,0.0703988613333333
"cg08662757",0.046691096,0.0458198373333333,0.5209046725,0.05953919,0.0485430773333333,0.0602429878333333
"cg12359904",0.0524790395,0.0487655225,0.176218098666667,0.0484994357142857,0.0487506505,0.053083561
"cg04135393",0.058720643,0.0643257393333333,0.268324210666667,0.0640534927142857,0.0621786941666667,0.066824785
"cg10156217",0.076387966,0.0715335285,0.312346510666667,0.0663196987142857,0.0623846261666667,0.086265685
"cg09388301",0.8436873545,0.846783474333333,0.0852294365,0.849743937571429,0.862439463166667,0.8490414065
"cg03656086",0.887790452166667,0.885418461,0.106704698166667,0.884078544,0.893170079833333,0.885129656333333
"cg15021006",0.877177492833333,0.890118143333333,0.0783249928333333,0.884138152428571,0.887286118333333,0.887735208666667
"cg16905438",0.846122928666667,0.849122095166667,0.0703955126666667,0.852751276428571,0.861612929333333,0.852988412666667
"cg20602300",0.879465331833333,0.875372739833333,0.1004612925,0.870653067714286,0.885891365333333,0.883720323
"cg26536319",0.8946624235,0.903880589333333,0.2546043745,0.903690268142857,0.917643796,0.906003722166667
"cg02212339",0.937540296166667,0.941005430166667,0.0891869655,0.931051661,0.937088782166667,0.945872971833333
"cg18438462",0.894217394166667,0.8852632565,0.0916129208333333,0.881110613428571,0.8927442655,0.8938259275
"cg04985318",0.896380900333333,0.8984748015,0.0863948051666667,0.892742872285714,0.906287660333333,0.903635341666667
"cg19765834",0.889546816833333,0.882590047,0.168538710166667,0.881087789857143,0.896151142,0.8978500085
"cg20572186",0.878707038833333,0.892903512166667,0.1154188525,0.878878374857143,0.893627937333333,0.884491031666667
"cg18664915",0.8471882505,0.8622191285,0.100146719,0.855993472857143,0.859799661333333,0.8586690905
"cg01591579",0.942794294,0.948736925833333,0.212405472333333,0.941186927714286,0.949936196666667,0.948754691666667
"cg24547614",0.88262507,0.868595976666667,0.0782717815,0.869196078142857,0.894496791833333,0.883029029333333
"cg10196258",0.899898931666667,0.888855678666667,0.0916622853333333,0.887448621142857,0.901968067333333,0.906668240666667
"cg14690711",0.886014095333333,0.882484755166667,0.102488692833333,0.872699161428571,0.891683561,0.889057431
"cg24887584",0.854958539666667,0.858393604666667,0.106316547333333,0.861617532285714,0.874080536666667,0.866125030333333
"cg05062263",0.871249736166667,0.877684583833333,0.0700064873333333,0.865314264714286,0.8834199425,0.873845040666667
"cg11217679",0.875701782833333,0.872247555666667,0.0890886335,0.863028665714286,0.878454281,0.880651526
"cg03168886",0.856425613,0.880629417166667,0.0842702365,0.870045851714286,0.8919422395,0.885632812
"cg17527683",0.875663215666667,0.8817798875,0.1014210715,0.887277507,0.893993978833333,0.895033667666667
"cg11661493",0.849930070166667,0.8543706575,0.0640277353333333,0.851098075285714,0.874547016666667,0.848280019666667
"cg03377878",0.851832441833333,0.871011980833333,0.0854643343333333,0.859231165714286,0.878398138666667,0.867713081
"cg23683962",0.884898956666667,0.877170279833333,0.119139162666667,0.878887728142857,0.883398694833333,0.8908932465
"cg08017518",0.888892486166667,0.871327487833333,0.066618378,0.896335135,0.90390247,0.900283547333333
"cg03404796",0.8701311075,0.880637480666667,0.0957789116666667,0.896921956,0.8994236835,0.878708766666667
"cg19766988",0.839924448333333,0.853642993333333,0.128633125166667,0.835641171285714,0.859063001166667,0.8458396645
"cg22317237",0.828328686833333,0.8352169905,0.0888553863333333,0.828575809571429,0.837819912666667,0.837419574
"cg16396540",0.870700695666667,0.866793029333333,0.105644657,0.867979656857143,0.8792187065,0.864509737
"cg12092786",0.845789886,0.849833297,0.0751324463333333,0.847215805142857,0.858185899833333,0.859572490833333
"cg18694540",0.869298328166667,0.861786411833333,0.107778871166667,0.858631835142857,0.857201954666667,0.8768528545
"cg11773391",0.886023010833333,0.880873887666667,0.0589447718333333,0.875238526285714,0.896839745,0.891406228
"cg08888322",0.8541175915,0.852758882333333,0.0829544328333333,0.851537340428571,0.873105058333333,0.8672713265
"cg20156164",0.887365689166667,0.874426526833333,0.163542733666667,0.887166763428571,0.895346324833333,0.891892376
"cg09723773",0.858535740166667,0.864382973666667,0.103875085166667,0.862074592571429,0.878695883,0.861660713833333
"cg00446055",0.885612241833333,0.863752077333333,0.180674792666667,0.872144085428571,0.886968919833333,0.880006347166667
"cg15139660",0.873965953333333,0.871512232333333,0.072258821,0.877202697,0.894322666,0.881629880666667
"cg25792138",0.881850403,0.881408036666667,0.0833514703333333,0.878454076714286,0.895927325833333,0.8880760935
"cg03635646",0.843096939666667,0.866586363333333,0.07832664,0.860708106285714,0.877728683,0.856196778333333
"cg04100392",0.868627415166667,0.8700142795,0.0641043673333333,0.862231204285714,0.871483435166667,0.882569745
"cg06993524",0.864368609833333,0.865444665666667,0.0737158186666667,0.879578464142857,0.888454193666667,0.880166454333333
"cg10217454",0.844254272833333,0.841174405333333,0.0683041276666667,0.859956631857143,0.8733167135,0.837883256
"cg13823257",0.852685566333333,0.875229180833333,0.103095096,0.852828444,0.8686772405,0.865309529166667
"cg01312999",0.857484780166667,0.863751596333333,0.1105903735,0.850680294142857,0.876033128333333,0.8705747185
"cg26703511",0.960728994333333,0.9508126895,0.342029812666667,0.957815752,0.966984121333333,0.9671175435
"cg27646937",0.861939089166667,0.861192928,0.100157113166667,0.850755570285714,0.853075237166667,0.871588607
"cg00285174",0.8398406715,0.834854883666667,0.0724142033333333,0.841158625428571,0.860857299166667,0.855375487666667
"cg17846116",0.8824437335,0.886592643333333,0.1053609215,0.868043073571429,0.886919766333333,0.8713331385
"cg15035590",0.874792461333333,0.884330022333333,0.122274446166667,0.873916680142857,0.893846728,0.876490595166667
"cg12497181",0.851775277833333,0.847031767833333,0.084786614,0.839749168857143,0.858087135166667,0.853613555166667
"cg24955895",0.0339428728333333,0.0392696315,0.052524024,0.277111860571429,0.0652899495,0.035797719
"cg21772500",0.0690050773333333,0.0702874686666667,0.0714047125,0.226391871571429,0.0814948453333333,0.064269973
"cg26986871",0.0614032971666667,0.0670519038333333,0.130981675833333,0.522250503857143,0.0610337085,0.0615512116666667
"cg18285377",0.0523322233333333,0.0570742448333333,0.0599388995,0.302564678857143,0.0965676686666667,0.0544384091666667
"cg19455189",0.0695299493333333,0.070649273,0.12725222,0.460882649142857,0.0943269431666667,0.0804846211666667
"cg10159113",0.0537917706666667,0.0564997631666667,0.0546754933333333,0.343420813857143,0.0814640956666667,0.0560168406666667
"cg05747695",0.0963576145,0.0901986868333333,0.107727729833333,0.296357757714286,0.104551328333333,0.0902476438333333
"cg14510967",0.0527079315,0.0606523248333333,0.0513386886666667,0.289305506285714,0.0763969016666667,0.0498001445
"cg21608605",0.0801203966666667,0.0881158573333333,0.0811064628333333,0.189390447571429,0.0913388811666667,0.0754899536666667
"cg26389380",0.0589479575,0.0626337796666667,0.0533985416666667,0.305534014285714,0.0722118683333333,0.0643412276666667
"cg17343167",0.057947409,0.0857541271666667,0.054175081,0.445617818428571,0.0812788836666667,0.1453203025
"cg07302884",0.052723841,0.0654849921666667,0.0888412918333333,0.394673793142857,0.1009356525,0.0585460248333333
"cg25284031",0.0647570533333333,0.0621599306666667,0.0586466821666667,0.375703738,0.117649577,0.0599870695
"cg06486093",0.0536360945,0.0525029615,0.0629504886666667,0.186468554285714,0.0506481068333333,0.0528876986666667
"cg07310406",0.095170912,0.0940190253333333,0.0953844765,0.247316143,0.111680439833333,0.1002556265
"cg06570075",0.0636503606666667,0.0672742481666667,0.0686164195,0.269033542,0.107596515666667,0.0688580023333333
"cg23942604",0.0664887581666667,0.0660217398333333,0.125835171166667,0.379410214714286,0.0911906658333333,0.0582199505
"cg24501676",0.115480053833333,0.113592561166667,0.117114808166667,0.476128859142857,0.188756848333333,0.104964338333333
"cg25598890",0.0575980556666667,0.0658297845,0.142657453666667,0.426248044857143,0.0805597361666667,0.0571460068333333
"cg07489413",0.0393370851666667,0.0506353181666667,0.106085320666667,0.463058733714286,0.100050726833333,0.0370751188333333
"cg09049392",0.0553804971666667,0.0702846993333333,0.055498645,0.483566762,0.164133884833333,0.0560537088333333
"cg18207999",0.0508438626666667,0.0519643378333333,0.050878773,0.165144310857143,0.0660735728333333,0.0545709636666667
"cg13025388",0.0476286871666667,0.0466813393333333,0.0474337716666667,0.148300137285714,0.0490168015,0.0483843145
"cg15442728",0.0770857338333333,0.072602134,0.082900352,0.180968130428571,0.0798559323333333,0.0687036408333333
"cg22538557",0.0681411445,0.064495773,0.0582509461666667,0.139445675428571,0.0623191731666667,0.0663456165
"cg00184919",0.11831708,0.0679982421666667,0.0499763423333333,0.467566648714286,0.170896589333333,0.0633618071666667
"cg26598899",0.0416688405,0.04535749,0.0430408165,0.210610035,0.0559288023333333,0.0435917486666667
"cg01701634",0.0713070228333333,0.0732938283333333,0.120779627333333,0.284521871714286,0.0691558313333333,0.069568633
"cg01870058",0.0571766826666667,0.0619563271666667,0.0535042875,0.158456812,0.0797343653333333,0.0518563316666667
"cg15908125",0.0691432611666667,0.072108192,0.0622858606666667,0.175150898714286,0.0910314146666667,0.0662023303333333
"cg18797104",0.0476958675,0.0487119513333333,0.0515995048333333,0.220513424,0.0831551186666667,0.0473183276666667
"cg02808427",0.0765897613333333,0.0453883618333333,0.042061251,0.243688913857143,0.0885416695,0.066609493
"cg22602379",0.0491388605,0.0501661838333333,0.0458736236666667,0.136039269428571,0.0639976481666667,0.046014723
"cg09161245",0.0984501015,0.0993504906666667,0.127336681333333,0.491775231142857,0.206371037166667,0.114231038666667
"cg22000349",0.113528957333333,0.0852029586666667,0.08300723,0.225185529142857,0.0927943585,0.107651085666667
"cg17553760",0.1256808055,0.0656674676666667,0.081801725,0.392693269142857,0.124785714333333,0.119486461666667
"cg04009588",0.151103112166667,0.0909210213333333,0.0844879151666667,0.422161603571429,0.171678285666667,0.11930994
"cg05608541",0.0522462848333333,0.049282038,0.0500817438333333,0.169020254571429,0.0473562711666667,0.0554502771666667
"cg24285775",0.059556078,0.0681841796666667,0.0821655313333333,0.207508742142857,0.0689509168333333,0.0559459815
"cg19098606",0.0795753863333333,0.055598777,0.0894072155,0.245311511714286,0.0868685921666667,0.0675489681666667
"cg17858328",0.027210705,0.0296184851666667,0.0286950293333333,0.283902190285714,0.0622875361666667,0.0279241355
"cg02851133",0.0870870631666667,0.0713958681666667,0.0800553538333333,0.316293371142857,0.131384848666667,0.0629212121666667
"cg02328930",0.0792897626666667,0.0807174648333333,0.0917511156666667,0.314094113714286,0.144270533666667,0.0782479193333333
"cg13731761",0.0490687221666667,0.0500444656666667,0.0495604161666667,0.186801774714286,0.0491916645,0.0490834266666667
"cg02969929",0.0603619713333333,0.065450272,0.0646068361666667,0.191598525428571,0.079027542,0.0678060575
"cg18440048",0.0917812436666667,0.1285027645,0.0698908193333333,0.429769714285714,0.172099766,0.0831594095
"cg09793563",0.0729614006666667,0.096810675,0.0629959298333333,0.250320354714286,0.1144483785,0.0637370056666667
"cg07863159",0.0565343033333333,0.0654259216666667,0.071786753,0.159885167142857,0.0740927266666667,0.0722900651666667
"cg21080450",0.0700867901666667,0.0740083335,0.0719290253333333,0.174902109714286,0.0753830638333333,0.0758396996666667
"cg04136456",0.0636434255,0.118775060833333,0.105269677,0.360501883142857,0.160721749,0.0644002308333333
"cg02576719",0.877685399833333,0.876416102,0.887156545333333,0.346428879857143,0.866569464333333,0.883361186333333
"cg07215281",0.866642785166667,0.856889855333333,0.8726585595,0.308779723857143,0.841575135166667,0.876893498333333
"cg00952857",0.885279720333333,0.874011630833333,0.883146034666667,0.347037902,0.8660084175,0.893865198166667
"cg03855955",0.852503639666667,0.829218856,0.852155504833333,0.381546747857143,0.8583116115,0.868571828
"cg07919695",0.843278308,0.826601552166667,0.8506573405,0.358949376,0.819102768,0.846651273166667
"cg05969889",0.891932151666667,0.890387468,0.891861689666667,0.505741874142857,0.871538826666667,0.904799038
"cg14232368",0.8076753025,0.793118572166667,0.807576092333333,0.228148767428571,0.803502677666667,0.812503801
"cg25633874",0.789027623333333,0.786592476666667,0.797047735,0.381385362,0.801453494166667,0.816097656
"cg10068516",0.823356045666667,0.799266662666667,0.870448133166667,0.344166679714286,0.803371845,0.830760964333333
"cg01210399",0.819167448166667,0.793914148,0.795622416333333,0.444499105857143,0.778876325166667,0.8112032675
"cg08004823",0.805508869333333,0.8234968375,0.831365186166667,0.449387163142857,0.825785429666667,0.809258005833333
"cg22324641",0.862284389666667,0.85661867,0.8679405255,0.514081710142857,0.880025457833333,0.868620676833333
"cg22033073",0.876786824333333,0.860214149333333,0.859371111166667,0.528778814714286,0.860596472166667,0.880382620166667
"cg26852894",0.8455275595,0.835721132833333,0.825014184666667,0.403683500142857,0.7844588845,0.86140844
"cg01044097",0.865201711333333,0.8560887165,0.8336692145,0.401850765,0.790696067666667,0.881042942166667
"cg11171815",0.8661789745,0.853148592,0.8769757165,0.453170695857143,0.817252892,0.8808020955
"cg07485831",0.849221752166667,0.841079126833333,0.855752136333333,0.556721766,0.836490485333333,0.859988347333333
"cg06254182",0.8058391585,0.825113116166667,0.855096909833333,0.517748708428571,0.826181599833333,0.829696303666667
"cg16921643",0.886709450833333,0.870806333666667,0.879087368,0.446989610285714,0.805964804166667,0.887431659166667
"cg17674021",0.896885527833333,0.892483901833333,0.8889091985,0.694783665285714,0.889514347666667,0.895690925
"cg04162316",0.911534757,0.910428387166667,0.9278666425,0.420169654142857,0.833775765833333,0.930179677666667
"cg00292305",0.768100173,0.796774912666667,0.7885620815,0.379404364571429,0.7876504875,0.771846033833333
"cg23691894",0.853653945333333,0.885155149166667,0.868070737166667,0.521505745428571,0.843252047,0.8959749435
"cg18576301",0.882209228166667,0.876225264,0.874743790333333,0.677498337285714,0.873752079166667,0.891164288
"cg09979763",0.893292754166667,0.885359104333333,0.897712202166667,0.603652707714286,0.8744771635,0.901902037666667
"cg24885442",0.940175912833333,0.940325017833333,0.946113572,0.664540369714286,0.933575781333333,0.953044950666667
"cg12478549",0.879210898333333,0.873731005833333,0.889211737,0.608168751142857,0.858146926333333,0.8571555845
"cg17887007",0.894641751166667,0.872377756,0.873519528833333,0.594731557571429,0.837910733166667,0.885226365666667
"cg21609340",0.848088497,0.834288341,0.802749284833333,0.419146725142857,0.774042193333333,0.828736364166667
"cg00330518",0.858032477666667,0.847597831,0.877746178333333,0.524677216,0.830302387833333,0.873369363
"cg17431232",0.843220625666667,0.8377779395,0.846945941333333,0.559509124285714,0.824332793333333,0.8609077305
"cg19694703",0.848033418666667,0.867863957166667,0.819955928166667,0.504870826285714,0.847275499833333,0.8781807635
"cg09395021",0.8662995025,0.8699799085,0.875492490166667,0.678064455571429,0.870170168166667,0.845671787166667
"cg21782213",0.8549524495,0.841340123333333,0.855183995666667,0.507436200714286,0.831098948,0.853185730166667
"cg06527889",0.8787503635,0.875472253833333,0.888537927166667,0.562457881,0.8633297355,0.889049414666667
"cg21609087",0.833019314666667,0.8054892995,0.836118075166667,0.529267671,0.796982700333333,0.843131920666667
"cg01957768",0.8750869395,0.873511085833333,0.880111319166667,0.466198210571429,0.7986895005,0.904606137833333
"cg07876450",0.947808697333333,0.948072654166667,0.9591340335,0.710921254285714,0.948567929666667,0.954052095833333
"cg05044173",0.682845905333333,0.654572956,0.706476917333333,0.247541710142857,0.744169,0.69046363
"cg02403171",0.8185786875,0.846515474,0.884922445,0.475676925142857,0.817651185833333,0.865627810333333
"cg23783077",0.7949929675,0.730005789166667,0.798527638166667,0.166708623571429,0.687290888833333,0.823458629333333
"cg02656609",0.88526683,0.8715683585,0.873890592666667,0.524520369428571,0.810584069333333,0.889233985333333
"cg07499026",0.821323662666667,0.852882728833333,0.8657075765,0.539726562857143,0.837060461166667,0.835112138833333
"cg08490607",0.846558544666667,0.843812049666667,0.837725712166667,0.614805269714286,0.834337563666667,0.876865815833333
"cg09759539",0.835861088833333,0.819014321333333,0.824156176666667,0.354481965428571,0.761494407666667,0.836444331833333
"cg24237200",0.8837299295,0.8782645415,0.882703211833333,0.638786661285714,0.858521231166667,0.8891757365
"cg07402639",0.847518094,0.815794471166667,0.841636303166667,0.542381790142857,0.8030367095,0.845474551166667
"cg13238744",0.900659274666667,0.878474572833333,0.899506378666667,0.350356027,0.7710918505,0.906334940166667
"cg01284182",0.790436887333333,0.846450983666667,0.844323047333333,0.484791042714286,0.806202790833333,0.834483195833333
"cg12252164",0.8797951245,0.862238857,0.876371483333333,0.608335298428571,0.842462047333333,0.883606972666667
"cg07015393",0.042352788,0.0502156345,0.055313066,0.0813845782857143,0.3285653175,0.0372859691666667
"cg21266943",0.0312815906666667,0.0342286883333333,0.0307440938333333,0.040893571,0.237197694833333,0.0307334895
"cg13928417",0.0689509808333333,0.09176448,0.085283611,0.112828295428571,0.321832781,0.0681540666666667
"cg17599236",0.0999631311666667,0.109943337666667,0.107790674,0.123404416571429,0.26283827,0.0967928325
"cg11991412",0.048167331,0.1834398875,0.104603102666667,0.130363231714286,0.541741077166667,0.0507927218333333
"cg21543859",0.188725584666667,0.217229893166667,0.202935407833333,0.287621984,0.548290817,0.196537032166667
"cg25554283",0.0311414703333333,0.0391617525,0.0496873286666667,0.0709366458571429,0.303794115666667,0.0329618476666667
"cg00235865",0.0464261658333333,0.0585870771666667,0.05477085,0.0629342384285714,0.136421555166667,0.04718602
"cg11575026",0.0869866171666667,0.1357587635,0.128838819833333,0.165309213428571,0.385160517833333,0.0873876128333333
"cg04438595",0.0275878896666667,0.0333059675,0.0319241853333333,0.0363017147142857,0.0936274636666667,0.0328119323333333
"cg19662922",0.0856585141666667,0.118982175333333,0.103719012666667,0.143275172,0.317369954166667,0.0849415358333333
"cg25195158",0.0688166855,0.0842056661666667,0.0846025323333333,0.124321776571429,0.292918188166667,0.068096536
"cg01029623",0.0605041563333333,0.0896231986666667,0.0913156815,0.105640643285714,0.244591681166667,0.065525337
"cg03379131",0.060558671,0.0981111681666667,0.0760259938333333,0.106409166857143,0.2325001075,0.059960376
"cg08518667",0.0472943761666667,0.0828084543333333,0.0475960145,0.0849877142857143,0.3274567535,0.0464856398333333
"cg04554802",0.0771157513333333,0.0779545198333333,0.0853045031666667,0.106592931,0.200657423166667,0.081095354
"cg24037916",0.044519953,0.06477919,0.067301472,0.101867160142857,0.238032383333333,0.046416418
"cg00412337",0.0787495728333333,0.105087098,0.115134895833333,0.0990477242857143,0.237726814833333,0.0815381656666667
"cg03331259",0.197121272833333,0.174498783833333,0.199965499666667,0.197136535428571,0.4017418855,0.160644547833333
"cg08545123",0.131836328333333,0.1467278305,0.142925036666667,0.167532070857143,0.301225921833333,0.125816929833333
"cg21369949",0.0501342091666667,0.0929103696666667,0.0384046108333333,0.137982291714286,0.334066630666667,0.0369226961666667
"cg18882907",0.0600681915,0.0761436743333333,0.0808259006666667,0.087572085,0.175083397,0.0619963061666667
"cg24235581",0.0315228051666667,0.0515169793333333,0.033727546,0.0536826085714286,0.259508695333333,0.0324665736666667
"cg24145616",0.0528864048333333,0.0912937095,0.0566493601666667,0.108252917857143,0.2657460325,0.0502407693333333
"cg02366988",0.0816530988333333,0.0830300923333333,0.10453408,0.104393026142857,0.217073623333333,0.0795781273333333
"cg22463795",0.0358109705,0.0418867321666667,0.0343559926666667,0.0537103801428571,0.122387457833333,0.0351458193333333
"cg20934105",0.047879398,0.0727300238333333,0.0596566486666667,0.105539797142857,0.252458358,0.0436998483333333
"cg11875119",0.0493520663333333,0.0746902716666667,0.0694305785,0.0749261647142857,0.172898059666667,0.0483250043333333
"cg03241244",0.0316657438333333,0.0450591406666667,0.0389498013333333,0.0461113148571429,0.119859392666667,0.0293111571666667
"cg03767970",0.10526281,0.124548662833333,0.111005511,0.173552090571429,0.370265265833333,0.0970442816666667
"cg11398680",0.0827040316666667,0.0993111165,0.0941280715,0.111834728571429,0.200901478666667,0.0830639575
"cg25496930",0.103667740333333,0.158387027,0.109686374666667,0.173064823142857,0.340810604333333,0.102314822166667
"cg12477370",0.0346656636666667,0.0664601043333333,0.0456374548333333,0.184476707857143,0.452117707166667,0.0336391911666667
"cg05583831",0.0979053605,0.109168563666667,0.114747261333333,0.124233204714286,0.287527859833333,0.0924842816666667
"cg09614721",0.0390707208333333,0.0424044663333333,0.0470173381666667,0.0504300507142857,0.159471835666667,0.0426948953333333
"cg10245608",0.121173431,0.133685515666667,0.119585283166667,0.182670081714286,0.328550523833333,0.107356042166667
"cg26636279",0.137940504,0.2240314175,0.179215341,0.247467547714286,0.529708987833333,0.125390163166667
"cg12403778",0.0624587455,0.140648571333333,0.0689845025,0.136473826428571,0.318551691166667,0.0674296133333333
"cg16810279",0.0410048676666667,0.237216107833333,0.0639522236666667,0.175110126142857,0.602120957666667,0.0386963423333333
"cg14249922",0.0700855915,0.0812138323333333,0.0731381785,0.104516497,0.238394557166667,0.0699563751666667
"cg02861441",0.0348179063333333,0.0472423938333333,0.0789894286666667,0.098190655,0.224235172333333,0.0327311788333333
"cg04765195",0.0760295805,0.0984491525,0.075332655,0.107357184285714,0.201393495,0.0808637455
"cg15211390",0.048817742,0.0521864526666667,0.0484309643333333,0.0650683474285714,0.115318921166667,0.0475752895
"cg16318987",0.0784692653333333,0.0922842256666667,0.0783254675,0.0995141527142857,0.167999639166667,0.0828172955
"cg13779687",0.0657242286666667,0.0728801506666667,0.066671285,0.0911464671428571,0.163309611166667,0.0654292623333333
"cg07333046",0.0889912758333333,0.1016199835,0.106951116333333,0.137619203714286,0.263588348,0.0898519466666667
"cg16466397",0.0508852933333333,0.0954741168333333,0.0554100765,0.0789822245714286,0.282536734666667,0.0603947893333333
"cg01140711",0.0292256273333333,0.0575497113333333,0.026166833,0.0543956265714286,0.267401572666667,0.0265183943333333
"cg27477043",0.045375707,0.104257838833333,0.0380697321666667,0.165366776714286,0.375150211166667,0.0359797396666667
"cg01943873",0.0581132641666667,0.149727757166667,0.107394405666667,0.137329100142857,0.3478486805,0.0595214345
"cg20367218",0.874034254166667,0.8671141975,0.858077492833333,0.857601245857143,0.523201242666667,0.889869178166667
"cg22213242",0.878018508,0.8782085465,0.860665561166667,0.857428091428571,0.571155671333333,0.884251872833333
"cg06419846",0.939561285166667,0.938096848833333,0.951470552,0.910469382428571,0.4465859985,0.956320451833333
"cg17851021",0.835412071333333,0.836597153833333,0.851311228833333,0.843530413714286,0.458931552833333,0.8647489395
"cg04329870",0.837724813,0.801476855666667,0.830185803666667,0.780298230285714,0.240548453,0.837742642666667
"cg05496363",0.849574854333333,0.845507318166667,0.848698845333333,0.807782894857143,0.349928279666667,0.871618576166667
"cg11067179",0.812241577333333,0.818902908333333,0.762879120333333,0.767750205571429,0.295174766,0.845601503166667
"cg18857618",0.856425854666667,0.849237267333333,0.835388359333333,0.748925344,0.224657526333333,0.870097178166667
"cg18546384",0.8181632525,0.845401338333333,0.877631674833333,0.796886019714286,0.445270390666667,0.8393868155
"cg05478809",0.851592509333333,0.854310463166667,0.839631737333333,0.853480775285714,0.547592796333333,0.8641335005
"cg03318654",0.643892211333333,0.618460448833333,0.638581105333333,0.629177114142857,0.193502873833333,0.6633731875
"cg00219921",0.867311980833333,0.845481290166667,0.888457975666667,0.731747788857143,0.1500606245,0.875587867666667
"cg09849552",0.884146564166667,0.865895575166667,0.874011389666667,0.878196358857143,0.603722610166667,0.884913302833333
"cg14171188",0.896171345333333,0.8813165075,0.895144967333333,0.846129697857143,0.568036857833333,0.9006816435
"cg21164741",0.8510842085,0.8379642705,0.853457249833333,0.837151530571429,0.652424821833333,0.847937294166667
"cg01002223",0.892871752333333,0.866799759,0.896543131333333,0.779158092857143,0.388215430833333,0.899213618333333
"cg18329839",0.809588009833333,0.810825297166667,0.84319074,0.832225828428571,0.548923313166667,0.849674842
"cg04087102",0.791831493333333,0.762659725333333,0.778189183,0.709783986142857,0.375852401833333,0.7990829725
"cg09567197",0.8983956145,0.8899099865,0.900408889,0.892781959142857,0.722278092,0.900044873666667
"cg18174654",0.837060482833333,0.8345830445,0.822196085,0.717285157142857,0.309849934666667,0.853849659666667
"cg21549011",0.382507390333333,0.387250113666667,0.392535569166667,0.331872035714286,0.1132938805,0.381387707833333
"cg07702659",0.827941947833333,0.799819006833333,0.814085150166667,0.723231347714286,0.391621182333333,0.824870686
"cg12344862",0.843408142666667,0.8081299375,0.8538624685,0.814024663142857,0.518393634833333,0.862011756666667
"cg09654116",0.839128353333333,0.7331390785,0.822577018333333,0.789215185142857,0.3733768355,0.842951340833333
"cg03686455",0.794773998666667,0.776285495,0.806989438666667,0.757935657142857,0.539813900333333,0.7919582555
"cg26796793",0.964433334333333,0.966809976333333,0.9671712485,0.948609681857143,0.668968064833333,0.967977434
"cg20383347",0.863380445166667,0.8444204795,0.863632855666667,0.827524674285714,0.619037562333333,0.8799739715
"cg07536161",0.821126238333333,0.804480317,0.814556542333333,0.800371162714286,0.642089999,0.834799510666667
"cg01474925",0.891514083333333,0.864811184833333,0.890078703666667,0.845969092142857,0.672896352166667,0.894029660333333
"cg04047276",0.807734423,0.809719235,0.840277148166667,0.792517436428571,0.471326965166667,0.832189208833333
"cg13543915",0.753966178666667,0.722949198,0.742402008666667,0.675038597285714,0.321159865166667,0.761938611166667
"cg17528127",0.886002232166667,0.886926607,0.8827148325,0.872125187285714,0.7128661595,0.892895924166667
"cg15195030",0.863343862166667,0.846966933333333,0.859276224166667,0.844103804428571,0.6323742415,0.869227882
"cg07949587",0.895892449666667,0.877054228666667,0.8886753075,0.818525011857143,0.596890465333333,0.901629387166667
"cg18181674",0.871348762833333,0.845482315,0.870474775333333,0.846684866571429,0.6718901555,0.87287204
"cg01949403",0.813530283166667,0.797955417666667,0.8292158395,0.776792033857143,0.477616643666667,0.841053100666667
"cg23437420",0.829389224,0.836066233666667,0.840052233666667,0.806101064142857,0.648928978333333,0.835715027166667
"cg25939861",0.839389215166667,0.6150091565,0.831960731166667,0.745574991428571,0.103235206,0.836446778666667
"cg27445883",0.793851991166667,0.792196599833333,0.791392833833333,0.725014438857143,0.459122898833333,0.804823563166667
"cg07115032",0.846004004666667,0.736766518,0.857170634666667,0.837304927,0.420469079166667,0.858284469833333
"cg07820882",0.770365657166667,0.730498687166667,0.7219820315,0.571788223714286,0.164589579166667,0.778173842666667
"cg22760563",0.797045114666667,0.804582835166667,0.842502646166667,0.711854019571429,0.4248243485,0.831983741833333
"cg27547947",0.83732514,0.6642134585,0.834408508833333,0.729056589142857,0.239479631,0.838766661
"cg14027234",0.634332508833333,0.676387685333333,0.665849376833333,0.678773463857143,0.3724545175,0.641411659666667
"cg13721589",0.963077141666667,0.9550853915,0.971523660666667,0.892196812285714,0.680392142833333,0.970393039166667
"cg25448766",0.761652242833333,0.798028834166667,0.788082470166667,0.748472737428571,0.534535496,0.786742605333333
"cg11394820",0.943598384333333,0.934394375333333,0.951222488666667,0.929515956142857,0.768683432833333,0.953415580333333
"cg10407106",0.805959067,0.773965211,0.792594045,0.654077882857143,0.327004180666667,0.80874422
"cg19681251",0.888277674833333,0.872056814,0.887882430333333,0.807800163714286,0.603581683666667,0.884995063
"cg07619672",0.844022746833333,0.860047542333333,0.845761147833333,0.840128649714286,0.716720268833333,0.869334974833333
"cg07264216",0.067254539,0.0604804611666667,0.0581570443333333,0.0570386178571429,0.0534508003333333,0.330125459666667
"cg10768932",0.0610223886666667,0.051062001,0.0500345883333333,0.054650242,0.0486490355,0.456682186666667
"cg23053742",0.135528280166667,0.097343835,0.1297533805,0.0832690607142857,0.0886800065,0.465691547333333
"cg23360308",0.0857435555,0.197932304166667,0.0871454341666667,0.0606802457142857,0.0664417898333333,0.705026667666667
"cg08281312",0.061760225,0.0413312958333333,0.0497059481666667,0.0421934612857143,0.0426960513333333,0.236101480166667
"cg09857786",0.0487779673333333,0.0392839568333333,0.0431948921666667,0.0398559784285714,0.0390184061666667,0.136550802666667
"cg18973847",0.082352436,0.0511412678333333,0.0549798805,0.0583968517142857,0.0567420058333333,0.245087011666667
"cg10134312",0.159486917,0.193355885666667,0.0852378706666667,0.0774623354285714,0.0766997916666667,0.6214935075
"cg26683792",0.0973445861666667,0.0679361876666667,0.1529480405,0.0556028137142857,0.0643527608333333,0.529106979166667
"cg12711722",0.172423280166667,0.0629241691666667,0.064592112,0.0638872434285714,0.0623162958333333,0.520979349666667
"cg02129005",0.177151398166667,0.0576974925,0.053104417,0.0660582904285714,0.074916892,0.520335034666667
"cg05174290",0.068467487,0.0668795366666667,0.0470830955,0.0563101945714286,0.0796721051666667,0.2946830195
"cg14080071",0.102541254333333,0.19297499,0.242215535333333,0.0916435661428572,0.0918816383333333,0.6789320055
"cg11962479",0.0695678253333333,0.0562168273333333,0.0561499,0.0505573438571429,0.0508431085,0.170063564166667
"cg25216836",0.138350571,0.0880186353333333,0.0793900601666667,0.119197823857143,0.0930939091666667,0.337378624333333
"cg26965801",0.0805208088333333,0.1067097915,0.0465810788333333,0.0628014122857143,0.08813944,0.307058201166667
"cg27522733",0.0753350798333333,0.060580307,0.0772061951666667,0.0612761425714286,0.0623258876666667,0.213107606
"cg25805675",0.067368796,0.0841538756666667,0.0904805665,0.104947012714286,0.092220745,0.321562848
"cg15108521",0.0737560383333333,0.0553884291666667,0.0625253233333333,0.0588155424285714,0.0584356341666667,0.193949871666667
"cg11977716",0.221097601333333,0.1043419015,0.0993639423333333,0.0606354264285714,0.0490249393333333,0.629293042833333
"cg06348206",0.0741283543333333,0.0995570128333333,0.214477628833333,0.0816602264285714,0.0940952621666667,0.583254956833333
"cg17788468",0.102366863833333,0.0489816166666667,0.0457267658333333,0.0496746704285714,0.0438246115,0.2706039785
"cg20660269",0.0460567455,0.0869542663333333,0.0379440701666667,0.0393279108571429,0.0335664231666667,0.220390536
"cg02099683",0.204790659333333,0.0837968555,0.1500700035,0.10093288,0.100334912333333,0.45506982
"cg05028010",0.0667138685,0.0571059568333333,0.0544717258333333,0.0487129951428571,0.0533008355,0.150684089333333
"cg01677834",0.0537583993333333,0.0523200676666667,0.0494015208333333,0.0515703144285714,0.0496085546666667,0.100330130333333
"cg02720566",0.083172325,0.0727291483333333,0.079418418,0.0775544437142857,0.0770152703333333,0.152645040166667
"cg03958078",0.231253912333333,0.0788962111666667,0.222130206166667,0.0959023401428571,0.0986330496666667,0.5704775565
"cg01881899",0.110636307666667,0.086476254,0.073498769,0.0875066254285714,0.0622118016666667,0.244765860666667
"cg12815829",0.126674412,0.113944339666667,0.230505618833333,0.113811565428571,0.110236236,0.4443781015
"cg05997357",0.226970471166667,0.219745324833333,0.175612843666667,0.150994285428571,0.1763557305,0.447120395666667
"cg21542303",0.245323156666667,0.118625827333333,0.339966684333333,0.179016660142857,0.142455730166667,0.703576954833333
"cg23831998",0.0717244236666667,0.053307902,0.0496785786666667,0.0504962442857143,0.0518188561666667,0.119639292166667
"cg02237342",0.0299098503333333,0.0348892006666667,0.0260894405,0.031252854,0.0275735006666667,0.114961565833333
"cg07584558",0.0987566673333333,0.0722290515,0.0705414985,0.0750481228571429,0.0759129775,0.162526395333333
"cg24684432",0.182447206166667,0.094538303,0.378758725,0.131277599571429,0.106001581,0.779146942666667
"cg22708902",0.129849692333333,0.0572294941666667,0.0478874733333333,0.0462836638571429,0.0479447801666667,0.2909355685
"cg03795574",0.0982173638333333,0.3741969065,0.0825122883333333,0.108345884857143,0.153763126666667,0.763258431
"cg23318800",0.277600557833333,0.0656252351666667,0.089982195,0.191073695,0.091615319,0.593814868
"cg06610589",0.0659852331666667,0.0754164373333333,0.0632224523333333,0.122369477714286,0.0878203841666667,0.233469944
"cg04168577",0.0591471646666667,0.043274098,0.0420079986666667,0.0408741062857143,0.038060856,0.1253771735
"cg15384400",0.100095490666667,0.0902217921666667,0.0783087326666667,0.0833042337142857,0.0802806565,0.2190130375
"cg11265696",0.260856305,0.367150994333333,0.0805618276666667,0.232897660714286,0.191527398,0.739536176666667
"cg01841762",0.0676613233333333,0.0690611328333333,0.0677636678333333,0.0686822037142857,0.0686222363333333,0.137498009166667
"cg00878274",0.242078071833333,0.0790523138333333,0.0992696831666667,0.0801455168571429,0.0755235503333333,0.4725837895
"cg15358893",0.246825286666667,0.226359829666667,0.0518097966666667,0.237677435428571,0.245627936333333,0.612138916333333
"cg01051524",0.0540659641666667,0.04314471,0.0423130535,0.045515439,0.0422483565,0.0874500145
"cg12628528",0.215896509666667,0.108503373666667,0.1468762265,0.0891764965714286,0.105178235333333,0.390022561333333
"cg18282545",0.0523147598333333,0.0794294785,0.0470668683333333,0.0486004588571429,0.052868379,0.134416820166667
"cg27359310",0.111484737166667,0.0873392746666667,0.0880289285,0.0844198955714286,0.0857182991666667,0.212469006833333
"cg23244761",0.950689140333333,0.955350569,0.961547406333333,0.958418344285714,0.965675449833333,0.0857109718333333
"cg26872907",0.923004718,0.9289761745,0.9415990305,0.933006612857143,0.934399901833333,0.0493231823333333
"cg14898005",0.8899194135,0.890158385,0.8868902975,0.881365124714286,0.902692199166667,0.3062248745
"cg15173892",0.868103729666667,0.871019626833333,0.851638380666667,0.876709574571429,0.895373879666667,0.109301363
"cg18066690",0.881222755166667,0.887524547,0.886730454833333,0.885782934714286,0.911150927,0.165870981333333
"cg20290017",0.8441718615,0.879998278666667,0.876608103166667,0.872957428,0.8916718455,0.169075106166667
"cg02290460",0.819888890166667,0.828997563,0.845619510833333,0.838999567428571,0.838096621166667,0.158867498833333
"cg06636137",0.850693907333333,0.878548263333333,0.8869054,0.874756369,0.8902686405,0.1626110355
"cg20374292",0.858781879,0.880224500833333,0.878298241,0.870739600857143,0.880793941,0.119490695333333
"cg18356337",0.858263949666667,0.886720014,0.8883787855,0.872178287857143,0.896274106833333,0.188561033333333
"cg10624395",0.8656401785,0.871167150666667,0.850711489666667,0.839829861714286,0.873857870833333,0.142294098333333
"cg16636767",0.856996265333333,0.874592282166667,0.8513346005,0.883136833428571,0.893251834666667,0.135619082333333
"cg22675702",0.792915435833333,0.836165579166667,0.813277937833333,0.824934131285714,0.849195403,0.108177823
"cg21459713",0.86023648,0.880986802833333,0.8880084195,0.850037301428571,0.875815806,0.160510007166667
"cg00989306",0.861929309666667,0.871074520666667,0.857426271166667,0.848704807142857,0.8524280805,0.0984637971666667
"cg19336573",0.8727437955,0.876154067333333,0.872603208833333,0.868431526714286,0.8919465595,0.186443862333333
"cg26201751",0.868455012333333,0.847860105166667,0.862783590833333,0.847341618857143,0.8651685075,0.144515166166667
"cg03963853",0.926031666666667,0.914149431166667,0.958014194666667,0.950542673714286,0.936826159333333,0.236029195
"cg16766036",0.936610473166667,0.9280200315,0.932643276333333,0.921825465142857,0.937459473333333,0.364834813
"cg23312369",0.861655845333333,0.852399069666667,0.866415521833333,0.844752621285714,0.846179507,0.173714914166667
"cg25605773",0.824760638333333,0.806284631333333,0.827358708833333,0.809253580857143,0.830959977666667,0.145885607666667
"cg13140887",0.853064097333333,0.863247446,0.864734896,0.877637740714286,0.8855772125,0.243031436
"cg03135975",0.861992867166667,0.8503238895,0.857138440666667,0.860765882714286,0.875810267166667,0.197687602166667
"cg02647842",0.805655749333333,0.850829411833333,0.836635217,0.852173630857143,0.868940016666667,0.114092423833333
"cg02244028",0.816127471666667,0.847676121,0.8664594675,0.858091907142857,0.876166375833333,0.139208180833333
"cg21185441",0.849651370833333,0.847103020666667,0.844622545666667,0.838580315142857,0.839759727833333,0.164869970166667
"cg23373670",0.836649133666667,0.872971254166667,0.888422239166667,0.851473035857143,0.870716759166667,0.1430913395
"cg08965078",0.778766356,0.791201709666667,0.811364628,0.798757191,0.830983915333333,0.125160589333333
"cg17179784",0.862450585833333,0.876097485333333,0.882789241166667,0.878136616714286,0.899446084333333,0.313296162833333
"cg12274883",0.826749693666667,0.8527080915,0.793429165,0.844782226857143,0.844634299666667,0.178886682666667
"cg11249357",0.855974209166667,0.866256622166667,0.876592394166667,0.870379282857143,0.884529784833333,0.263395320333333
"cg24675171",0.871782472166667,0.895948375,0.891516636166667,0.898579924428571,0.9123168435,0.378668036666667
"cg17195809",0.779687224,0.8315864565,0.8538055195,0.825870237285714,0.832507780666667,0.131254254166667
"cg19301114",0.796667135166667,0.781041036666667,0.7797115245,0.776670276714286,0.787860197833333,0.120889752833333
"cg06297318",0.779095141,0.824986148833333,0.823004767333333,0.826373174428571,0.8524004545,0.130687826666667
"cg21385052",0.869378959833333,0.865711112333333,0.8712261175,0.866269628857143,0.877574311333333,0.444591141
"cg14172797",0.804468641166667,0.878416511166667,0.865739226,0.834322133285714,0.877830877166667,0.1407499965
"cg14116399",0.814926453,0.8712865175,0.8831923125,0.876993846285714,0.889313443,0.2246953995
"cg02007480",0.7628976375,0.801254113,0.817169369166667,0.783344893857143,0.800332625166667,0.0867027333333333
"cg00771778",0.809496911,0.8839366305,0.890750054166667,0.890944722285714,0.888223118166667,0.130109766
"cg03556458",0.7789661955,0.760807847166667,0.815238176,0.786914299857143,0.811276080333333,0.1081656665
"cg19380581",0.852646396333333,0.873223569,0.866959438166667,0.863687996,0.885261013333333,0.4402694605
"cg08097676",0.812756411333333,0.855701719166667,0.850911238333333,0.827384517142857,0.858359868,0.157394401333333
"cg26738023",0.862213886166667,0.884217917833333,0.861947627666667,0.881769731714286,0.892606868666667,0.423768726833333
"cg07617198",0.7963331195,0.877379831666667,0.8919119955,0.886868901857143,0.890806413,0.0977719093333333
"cg10626407",0.805210783833333,0.8238450795,0.799295043166667,0.824873979142857,0.850595056,0.137343278333333
"cg11819120",0.771383587,0.820364451666667,0.822623786666667,0.823451290571429,0.848591362666667,0.146973073833333
"cg10480329",0.798627636166667,0.890490827,0.878539256333333,0.888388268857143,0.899540508166667,0.107328552
"cg11857858",0.811505709166667,0.847125582,0.8603861455,0.841531370428571,0.851848282833333,0.293468924833333
"cg08844422",0.797592465833333,0.870338053,0.876033898166667,0.874496555714286,0.882358219,0.1206768565
