Y.pred,var,beta
DNAmGDF15,Intercept,1975.79838
DNAmGDF15,Age,9.351357157
DNAmGDF15,cg21789941,84.36457505
DNAmGDF15,cg22866430,143.6960622
DNAmGDF15,cg18234973,81.37864606
DNAmGDF15,cg26110733,29.04010303
DNAmGDF15,cg10636246,-112.4944727
DNAmGDF15,cg10578779,11.24372697
DNAmGDF15,cg17591574,-118.3835515
DNAmGDF15,cg13371627,-1980.760733
DNAmGDF15,cg12458003,12.09048304
DNAmGDF15,cg13180152,381.6829167
DNAmGDF15,cg21459583,20.09428673
DNAmGDF15,cg18278247,79.33227506
DNAmGDF15,cg06022832,93.16657364
DNAmGDF15,cg21566642,-42.04895614
DNAmGDF15,cg01940273,-56.21128291
DNAmGDF15,cg08110610,50.33696635
DNAmGDF15,cg00684178,-4.690526728
DNAmGDF15,cg27380813,23.86577339
DNAmGDF15,cg03827386,110.1797375
DNAmGDF15,cg15849439,-504.0067068
DNAmGDF15,cg06349851,454.8924357
DNAmGDF15,cg25598319,3.939922596
DNAmGDF15,cg25845889,10.75763469
DNAmGDF15,cg15228492,-21.75938528
DNAmGDF15,cg03900798,191.6622257
DNAmGDF15,cg20576510,342.7732003
DNAmGDF15,cg12988996,-183.7439255
DNAmGDF15,cg11569478,297.911005
DNAmGDF15,cg01603456,50.03202467
DNAmGDF15,cg18584747,996.8635067
DNAmGDF15,cg17543884,56.40486483
DNAmGDF15,cg22090064,434.9143197
DNAmGDF15,cg11923914,373.3520806
DNAmGDF15,cg18394552,5.967773557
DNAmGDF15,cg24801535,-1103.928612
DNAmGDF15,cg12325588,-243.4170846
DNAmGDF15,cg23367341,-56.36359095
DNAmGDF15,cg04987004,60.46255977
DNAmGDF15,cg24859433,-259.2509625
DNAmGDF15,cg10940833,-10.62546838
DNAmGDF15,cg11539695,31.42722254
DNAmGDF15,cg26987613,-39.15139286
DNAmGDF15,cg17598713,799.1187632
DNAmGDF15,cg26433444,153.8408961
DNAmGDF15,cg25325512,-17.84716272
DNAmGDF15,cg02272457,531.5294897
DNAmGDF15,cg10169261,-1325.410004
DNAmGDF15,cg03098356,-329.9968963
DNAmGDF15,cg06649410,218.4150191
DNAmGDF15,cg15822010,214.5763712
DNAmGDF15,cg15089567,48.89002018
DNAmGDF15,cg00332048,-59.44875712
DNAmGDF15,cg01391867,315.5957426
DNAmGDF15,cg07113802,106.4230423
DNAmGDF15,cg03473532,-54.18274479
DNAmGDF15,cg15573979,-153.8787914
DNAmGDF15,cg08202754,49.91868454
DNAmGDF15,cg14260002,24.85657895
DNAmGDF15,cg06563451,414.6263936
DNAmGDF15,cg03460603,26.87362606
DNAmGDF15,cg25448355,67.88853867
DNAmGDF15,cg24493971,12.10499952
DNAmGDF15,cg02716826,-52.50445221
DNAmGDF15,cg14355192,889.2187136
DNAmGDF15,cg13649864,120.0670379
DNAmGDF15,cg11295183,-206.1000778
DNAmGDF15,cg18388639,-386.2805155
DNAmGDF15,cg06752157,192.7612803
DNAmGDF15,cg18148156,3.607803174
DNAmGDF15,cg19935065,37.40872983
DNAmGDF15,cg10549018,44.79242307
DNAmGDF15,cg07927953,54.1535853
DNAmGDF15,cg01057893,32.08628079
DNAmGDF15,cg04431596,246.1990249
DNAmGDF15,cg06806711,206.8026412
DNAmGDF15,cg13620770,-92.45843418
DNAmGDF15,cg03764506,-1107.850722
DNAmGDF15,cg07582047,-375.4098779
DNAmGDF15,cg16649728,18.1044628
DNAmGDF15,cg06854487,-91.85186774
DNAmGDF15,cg25371036,-63.83725478
DNAmGDF15,cg20941739,238.3202734
DNAmGDF15,cg05021075,-25.53862326
DNAmGDF15,cg01975858,35.84891365
DNAmGDF15,cg20923047,-32.27084007
DNAmGDF15,cg19783150,-257.9819092
DNAmGDF15,cg01641177,53.50240222
DNAmGDF15,cg07677157,-77.94426237
DNAmGDF15,cg21579274,156.2683611
DNAmGDF15,cg01687878,109.9563239
DNAmGDF15,cg18159533,-2848.649889
DNAmGDF15,cg04323814,30.12521329
DNAmGDF15,cg04836038,53.77337859
DNAmGDF15,cg16188984,110.6311589
DNAmGDF15,cg11605750,-825.21751
DNAmGDF15,cg18607491,-331.22962
DNAmGDF15,cg14870958,140.7820127
DNAmGDF15,cg19491388,147.4843953
DNAmGDF15,cg02135821,132.3872878
DNAmGDF15,cg09279803,43.06414352
DNAmGDF15,cg26481784,2829.033254
DNAmGDF15,cg19459791,63.74865214
DNAmGDF15,cg16730765,10.38872998
DNAmGDF15,cg19987111,-50.30792689
DNAmGDF15,cg02880119,3.545607474
DNAmGDF15,cg22616007,-1405.41315
DNAmGDF15,cg06946797,-48.5102352
DNAmGDF15,cg26837962,154.5844624
DNAmGDF15,cg08659340,114.9690948
DNAmGDF15,cg07984286,-14.04083554
DNAmGDF15,cg00417823,183.4249329
DNAmGDF15,cg05180206,142.1883159
DNAmGDF15,cg09899215,-6.373922244
DNAmGDF15,cg04379563,426.3469535
DNAmGDF15,cg09834822,19.38428275
DNAmGDF15,cg18951537,259.8302428
DNAmGDF15,cg23842572,154.9886623
DNAmGDF15,cg25613227,79.067056
DNAmGDF15,cg07660627,62.93665152
DNAmGDF15,cg22156456,-244.1789237
DNAmGDF15,cg18181703,-141.600624
DNAmGDF15,cg25876186,1177.887423
DNAmGDF15,cg23691771,191.4221658
DNAmGDF15,cg00870265,-723.1743584
DNAmGDF15,cg03739265,36.40133125
DNAmGDF15,cg03636183,-226.3866487
DNAmGDF15,cg02291424,551.3764281
DNAmGDF15,cg26853093,935.710318
DNAmGDF15,cg03110633,42.86724504
DNAmGDF15,cg07127225,-141.2970851
DNAmGDF15,cg24580066,1661.428137
DNAmGDF15,cg04588969,-1016.656813
DNAmGDF15,cg21727276,122.0893646
DNAmGDF15,cg09051966,7.65864894
DNAmGDF15,cg18345924,-47.03345919
DNAmGDF15,cg18638931,1.54447482
DNAmGDF15,cg23549061,15.96164758
DNAmB2M,Intercept,1412953.393
DNAmB2M,Age,10486.91547
DNAmB2M,cg13947317,316962.6492
DNAmB2M,cg22510139,33927.1042
DNAmB2M,cg10116490,-160612.3804
DNAmB2M,cg27396830,75457.17274
DNAmB2M,cg19414383,87985.73857
DNAmB2M,cg03345668,292882.8911
DNAmB2M,cg17719473,-23280.17088
DNAmB2M,cg20569940,43791.18143
DNAmB2M,cg26156167,302011.9723
DNAmB2M,cg10578779,1916187.015
DNAmB2M,cg15631106,-58500.59545
DNAmB2M,cg22704788,-126869.8824
DNAmB2M,cg20240347,1506.065233
DNAmB2M,cg17803430,1417.454451
DNAmB2M,cg20800892,44895.46997
DNAmB2M,cg01909777,267379.5564
DNAmB2M,cg15849439,-924930.5628
DNAmB2M,cg12605080,69711.03841
DNAmB2M,cg01163330,102607.992
DNAmB2M,cg10753966,49483.26376
DNAmB2M,cg19501902,65359.76625
DNAmB2M,cg13287247,-13569.71904
DNAmB2M,cg22930808,-13531.30007
DNAmB2M,cg08122652,-84787.7023
DNAmB2M,cg00959259,-129131.7259
DNAmB2M,cg20576510,412413.8858
DNAmB2M,cg10202557,-67296.72476
DNAmB2M,cg27134386,28426.35623
DNAmB2M,cg10584300,89744.1912
DNAmB2M,cg03274876,1278255.848
DNAmB2M,cg17287155,49852.97055
DNAmB2M,cg04764584,71716.6572
DNAmB2M,cg15679283,-122608.1084
DNAmB2M,cg17533522,79928.491
DNAmB2M,cg14868212,4164.677973
DNAmB2M,cg16274199,-74981.86697
DNAmB2M,cg13309828,-2250.349967
DNAmB2M,cg12612118,310046.3391
DNAmB2M,cg03415429,2041585.627
DNAmB2M,cg15947697,121995.1908
DNAmB2M,cg11867651,36182.60312
DNAmB2M,cg17096289,-37112.88694
DNAmB2M,cg01517384,-365377.9035
DNAmB2M,cg16928551,32859.05057
DNAmB2M,cg26987613,-138988.7742
DNAmB2M,cg20660989,179808.7389
DNAmB2M,cg21288889,86176.99038
DNAmB2M,cg06649410,237640.8251
DNAmB2M,cg17501210,-158080.4982
DNAmB2M,cg02515033,-148592.0268
DNAmB2M,cg00907204,-189628.6213
DNAmB2M,cg16847637,365717.66
DNAmB2M,cg03473532,-102274.4971
DNAmB2M,cg07205627,50242.36957
DNAmB2M,cg14508358,1295.171698
DNAmB2M,cg04661709,15704.82135
DNAmB2M,cg13428009,-272551.6717
DNAmB2M,cg08410533,-25204.31115
DNAmB2M,cg12329405,919782.4496
DNAmB2M,cg14984434,31913.94442
DNAmB2M,cg07690734,-775104.4541
DNAmB2M,cg17310258,43111.35817
DNAmB2M,cg14955976,-56813.12005
DNAmB2M,cg06975311,96077.82849
DNAmB2M,cg16246188,128678.1953
DNAmB2M,cg07631435,15934.67087
DNAmB2M,cg12211040,8327.360248
DNAmB2M,cg11764442,273393.7647
DNAmB2M,cg10535933,-14274.58866
DNAmB2M,cg01624571,-496774.2826
DNAmB2M,cg24521756,4509.127622
DNAmB2M,cg07842062,44148.76489
DNAmB2M,cg08072101,17501.36534
DNAmB2M,cg03955530,44832.14358
DNAmB2M,cg07839457,-124411.6712
DNAmB2M,cg04976151,-22183.86084
DNAmB2M,cg03400403,-152041.3774
DNAmB2M,cg04745805,-227903.3573
DNAmB2M,cg14545159,168092.1947
DNAmB2M,cg18181703,-287256.3104
DNAmB2M,cg17100770,102877.7095
DNAmB2M,cg27145096,-98452.62323
DNAmB2M,cg13077366,-960.4882798
DNAmB2M,cg21656736,-115220.4438
DNAmB2M,cg07573872,-73518.91487
DNAmB2M,cg21736089,-282215.1372
DNAmB2M,cg07543883,13142.6588
DNAmB2M,cg10224107,-185521.7222
DNAmB2M,cg03760035,264986.9129
DNAmB2M,cg03706056,-21140.30584
DNAmB2M,cg13092901,-53686.4042
DNAmCystatinC,Intercept,1091528.484
DNAmCystatinC,Age,2589.667605
DNAmCystatinC,cg00695391,-15088.66021
DNAmCystatinC,cg16305333,36553.11897
DNAmCystatinC,cg00970752,-14194.40186
DNAmCystatinC,cg04967775,177517.6589
DNAmCystatinC,cg06901711,2264.057961
DNAmCystatinC,cg01431830,-3639.993911
DNAmCystatinC,cg10578779,146477.4899
DNAmCystatinC,cg26359730,11819.21115
DNAmCystatinC,cg10585941,438.5729176
DNAmCystatinC,cg01939962,-35147.84988
DNAmCystatinC,cg06809285,-146515.6002
DNAmCystatinC,cg11336382,3482.841768
DNAmCystatinC,cg09920725,46536.50804
DNAmCystatinC,cg24000528,-19400.6569
DNAmCystatinC,cg13772414,5430.861096
DNAmCystatinC,cg08007899,-2332.132004
DNAmCystatinC,cg15808795,28774.94742
DNAmCystatinC,cg24110177,37130.91737
DNAmCystatinC,cg10753966,4642.530182
DNAmCystatinC,cg00481951,2118.045427
DNAmCystatinC,cg04748223,8312.269539
DNAmCystatinC,cg22518157,1070.032363
DNAmCystatinC,cg22714094,53286.46034
DNAmCystatinC,cg10177080,6551.351707
DNAmCystatinC,cg15845365,1233.95035
DNAmCystatinC,cg27628536,-2420.194558
DNAmCystatinC,cg24765579,3439.355527
DNAmCystatinC,cg15988937,13203.8332
DNAmCystatinC,cg02081065,35212.96978
DNAmCystatinC,cg12612118,16375.78743
DNAmCystatinC,cg12298697,-14671.0321
DNAmCystatinC,cg20660989,29314.75099
DNAmCystatinC,cg03546163,-26269.37946
DNAmCystatinC,cg25325512,-17344.66813
DNAmCystatinC,cg00684824,14641.46432
DNAmCystatinC,cg02713068,18575.37031
DNAmCystatinC,cg06649410,151820.9433
DNAmCystatinC,cg17501210,-71334.66839
DNAmCystatinC,cg03807873,-42833.45518
DNAmCystatinC,cg21899558,-6957.300472
DNAmCystatinC,cg07025011,37473.7498
DNAmCystatinC,cg16847637,37585.63385
DNAmCystatinC,cg06563451,204677.8489
DNAmCystatinC,cg02716826,-32003.65766
DNAmCystatinC,cg08410533,-9247.891289
DNAmCystatinC,cg04196119,6184.119026
DNAmCystatinC,cg12329405,386984.3557
DNAmCystatinC,cg12379046,66943.13202
DNAmCystatinC,cg03950121,96821.92398
DNAmCystatinC,cg03096347,-26683.04211
DNAmCystatinC,cg22620356,2091.250085
DNAmCystatinC,cg17310258,10424.19061
DNAmCystatinC,cg18886347,-4014.405112
DNAmCystatinC,cg14592365,43339.39681
DNAmCystatinC,cg07631435,44387.22915
DNAmCystatinC,cg03112631,-34293.13275
DNAmCystatinC,cg01635346,25375.20403
DNAmCystatinC,cg25966649,4570.678353
DNAmCystatinC,cg23510415,-141.2019671
DNAmCystatinC,cg18159533,-416292.9884
DNAmCystatinC,cg16982073,17051.78036
DNAmCystatinC,cg25572904,7590.840524
DNAmCystatinC,cg02150207,144468.2482
DNAmCystatinC,cg13649020,-17000.95653
DNAmCystatinC,cg06903325,34035.54055
DNAmCystatinC,cg05078817,8753.600812
DNAmCystatinC,cg13898384,66947.97213
DNAmCystatinC,cg13634681,-71094.19477
DNAmCystatinC,cg01624571,-109593.1762
DNAmCystatinC,cg14153919,17498.96172
DNAmCystatinC,cg05575505,-50734.14398
DNAmCystatinC,cg19987111,-63923.65396
DNAmCystatinC,cg05638439,-8688.357612
DNAmCystatinC,cg26470314,36782.83134
DNAmCystatinC,cg24429836,-5034.030085
DNAmCystatinC,cg04120520,-34433.77968
DNAmCystatinC,cg09319676,-233897.9433
DNAmCystatinC,cg20433952,1833.297885
DNAmCystatinC,cg02220125,16876.3412
DNAmCystatinC,cg18181703,-40006.86116
DNAmCystatinC,cg10701033,-50105.3497
DNAmCystatinC,cg07529654,-1996.118084
DNAmCystatinC,cg27145096,-94506.00556
DNAmCystatinC,cg07573872,-36287.95884
DNAmCystatinC,cg14528319,-36564.06022
DNAmCystatinC,cg09845806,-14249.25178
DNAmCystatinC,cg03706056,-2973.630988
DNAmTIMP1,Intercept,15844.59555
DNAmTIMP1,Age,127.2379853
DNAmTIMP1,cg19414383,576.6142311
DNAmTIMP1,cg25536676,-161.490705
DNAmTIMP1,cg22820188,-186.5166819
DNAmTIMP1,cg10753966,571.637581
DNAmTIMP1,cg23944298,174.8160683
DNAmTIMP1,cg07553761,23.66378467
DNAmTIMP1,cg10202557,-228.5543359
DNAmTIMP1,cg05604079,58.98030694
DNAmTIMP1,cg11444009,469.2567614
DNAmTIMP1,cg25149516,723.0939922
DNAmTIMP1,cg18584747,1335.650216
DNAmTIMP1,cg20405584,542.5457294
DNAmTIMP1,cg11299854,2160.827782
DNAmTIMP1,cg24708145,922.7973925
DNAmTIMP1,cg25663874,7743.751677
DNAmTIMP1,cg25325512,-1151.797957
DNAmTIMP1,cg13001142,-43.27967955
DNAmTIMP1,cg06649410,407.7512052
DNAmTIMP1,cg17501210,-5735.692661
DNAmTIMP1,cg03473532,-11.8330452
DNAmTIMP1,cg20468415,-665.9699727
DNAmTIMP1,cg11782409,340.971911
DNAmTIMP1,cg07205627,207.7299513
DNAmTIMP1,cg08410533,-32.84348842
DNAmTIMP1,cg12483947,-1965.675897
DNAmTIMP1,cg23371436,253.1682225
DNAmTIMP1,cg24894584,23.78565825
DNAmTIMP1,cg26266429,3192.898586
DNAmTIMP1,cg10068417,67.02117171
DNAmTIMP1,cg25572904,125.863457
DNAmTIMP1,cg13543355,527.9033178
DNAmTIMP1,cg26481784,11323.96974
DNAmTIMP1,cg13898384,5311.461806
DNAmTIMP1,cg19459791,241.5556372
DNAmTIMP1,cg03172657,353.6160462
DNAmTIMP1,cg18181703,-790.0466715
DNAmTIMP1,cg07573872,-1936.494147
DNAmTIMP1,cg09051966,225.1163847
DNAmTIMP1,cg25841091,956.4101748
DNAmTIMP1,cg12516875,-1148.067249
DNAmTIMP1,cg07274490,1462.171143
DNAmTIMP1,cg07929447,121.8378099
DNAmADM,Intercept,290.1693028
DNAmADM,Age,0.943695016
DNAmADM,cg13947317,4.995107941
DNAmADM,cg21272576,5.086186666
DNAmADM,cg03522107,28.64090328
DNAmADM,cg03259703,6.462732116
DNAmADM,cg05461666,-118.2184052
DNAmADM,cg15860924,-2.752854472
DNAmADM,cg10327168,-55.56800241
DNAmADM,cg24393673,-0.68338483
DNAmADM,cg23923856,0.826537999
DNAmADM,cg14476101,-8.586676239
DNAmADM,cg20569940,9.290790591
DNAmADM,cg10578779,281.4186657
DNAmADM,cg05996213,9.880138516
DNAmADM,cg03424844,-1.110060748
DNAmADM,cg19570545,-0.036802106
DNAmADM,cg20248954,202.8625672
DNAmADM,cg08138571,-114.2945715
DNAmADM,cg23814988,248.8973299
DNAmADM,cg20801751,5.330321417
DNAmADM,cg11333189,4.495867817
DNAmADM,cg08055490,-4.739003098
DNAmADM,cg09920725,133.7143638
DNAmADM,cg10354495,-2.240580494
DNAmADM,cg04659537,-3.311998464
DNAmADM,cg14088844,19.08178243
DNAmADM,cg07258300,2.631432555
DNAmADM,cg26191447,-24.07610093
DNAmADM,cg02831419,-8.626037131
DNAmADM,cg20550050,-32.40860705
DNAmADM,cg06266189,0.345722766
DNAmADM,cg12791136,7.794522996
DNAmADM,cg12918464,0.076637721
DNAmADM,cg14508777,5.470285587
DNAmADM,cg05993589,3.392103815
DNAmADM,cg23431721,-2.20865254
DNAmADM,cg07105440,-63.35973429
DNAmADM,cg03929796,-66.46278531
DNAmADM,cg23511118,32.68165953
DNAmADM,cg13155421,-52.51479305
DNAmADM,cg03840504,-21.92600492
DNAmADM,cg19389001,34.75292062
DNAmADM,cg15709989,3.480000435
DNAmADM,cg13296371,11.57923662
DNAmADM,cg21761813,10.68482913
DNAmADM,cg00398048,-2.430771968
DNAmADM,cg25149516,1.90060707
DNAmADM,cg10177080,1.949042658
DNAmADM,cg09578605,-6.186882892
DNAmADM,cg01817885,-0.561199166
DNAmADM,cg12980795,-2.215365911
DNAmADM,cg01256539,-22.38953803
DNAmADM,cg19076659,6.565413423
DNAmADM,cg05182912,154.5917047
DNAmADM,cg00543335,8.780850063
DNAmADM,cg21584251,1.39260576
DNAmADM,cg00558975,1.521634027
DNAmADM,cg01187498,11.47257503
DNAmADM,cg22983827,6.392047134
DNAmADM,cg02782857,15.04507647
DNAmADM,cg17286012,21.42136217
DNAmADM,cg02066343,33.32649707
DNAmADM,cg25325512,-10.66206904
DNAmADM,cg08373528,13.07569908
DNAmADM,cg15290848,-25.40055744
DNAmADM,cg08877853,-1.619207065
DNAmADM,cg01883195,22.34477027
DNAmADM,cg00936722,2.001725585
DNAmADM,cg00554421,-13.73013285
DNAmADM,cg11287647,0.091821765
DNAmADM,cg13917964,-4.750146934
DNAmADM,cg00277397,-34.25168527
DNAmADM,cg20352798,83.55911478
DNAmADM,cg10119082,-12.85067647
DNAmADM,cg17981101,-1.911747753
DNAmADM,cg03494277,23.21655891
DNAmADM,cg09315887,-1.512983576
DNAmADM,cg04599158,41.5191841
DNAmADM,cg02627240,-0.390016354
DNAmADM,cg01026009,-3.310325075
DNAmADM,cg03276920,2.836992896
DNAmADM,cg13398470,29.57212263
DNAmADM,cg07205627,3.288540264
DNAmADM,cg05065162,-9.621251574
DNAmADM,cg12396523,-5.4555329
DNAmADM,cg12831076,20.1541611
DNAmADM,cg22902266,70.11211348
DNAmADM,cg04661709,8.959489529
DNAmADM,cg01355108,1.507275686
DNAmADM,cg26581729,-10.6538073
DNAmADM,cg02613108,-1.23436743
DNAmADM,cg12329405,27.27577287
DNAmADM,cg20245361,5.253551809
DNAmADM,cg07793207,-13.89150047
DNAmADM,cg07733920,-1.834703826
DNAmADM,cg02415341,2.18369305
DNAmADM,cg12893697,0.754770472
DNAmADM,cg18886347,-15.62138504
DNAmADM,cg19083871,69.95094877
DNAmADM,cg13875901,3.515065537
DNAmADM,cg02970861,-21.76210025
DNAmADM,cg26967875,-1.878728646
DNAmADM,cg00574958,-80.96496179
DNAmADM,cg22355889,1.489051245
DNAmADM,cg05839709,2.696050234
DNAmADM,cg19061798,4.351119907
DNAmADM,cg11932091,46.07809226
DNAmADM,cg26527903,25.5733391
DNAmADM,cg24420742,-11.05087007
DNAmADM,cg10948795,2.178750962
DNAmADM,cg17117459,-35.63839407
DNAmADM,cg18331061,-43.55518841
DNAmADM,cg21879240,82.89379684
DNAmADM,cg20656525,6.651972215
DNAmADM,cg14543641,7.760629334
DNAmADM,cg04634427,0.28521053
DNAmADM,cg01624571,-65.5376954
DNAmADM,cg05575505,-17.86174228
DNAmADM,cg06051159,0.713204186
DNAmADM,cg00994306,-10.9663017
DNAmADM,cg02295856,14.60963382
DNAmADM,cg12991522,101.1043976
DNAmADM,cg00036119,0.689463511
DNAmADM,cg05995267,-4.058128178
DNAmADM,cg06722193,1.780571691
DNAmADM,cg05782444,4.259475662
DNAmADM,cg26943759,20.46026676
DNAmADM,cg05737638,13.10354261
DNAmADM,cg21649005,-32.55785717
DNAmADM,cg06419850,25.39924395
DNAmADM,cg19761014,9.720730502
DNAmADM,cg05174890,-0.10786789
DNAmADM,cg10431713,-20.88227304
DNAmADM,cg02483931,4.999704799
DNAmADM,cg07477034,-35.77986404
DNAmADM,cg15815084,-3.431667299
DNAmADM,cg12054453,-4.419866944
DNAmADM,cg03568017,-7.308895922
DNAmADM,cg02633924,-38.77054308
DNAmADM,cg18181703,-82.42366711
DNAmADM,cg27637521,-112.3708679
DNAmADM,cg05420896,-6.656664064
DNAmADM,cg19283806,-6.023985241
DNAmADM,cg27569863,1.440760668
DNAmADM,cg13611456,-17.71192834
DNAmADM,cg10677351,-5.329235892
DNAmADM,cg15011409,2.016355057
DNAmADM,cg17676631,2.25794704
DNAmADM,cg11594160,2.751829622
DNAmADM,cg26950531,-7.325424119
DNAmADM,cg22538557,129.1408871
DNAmADM,cg23278885,-11.40976314
DNAmADM,cg08074820,-12.69566628
DNAmADM,cg11086127,9.596978548
DNAmADM,cg00412842,6.598674744
DNAmADM,cg27294156,-5.12356672
DNAmADM,cg22163406,31.01081623
DNAmADM,cg08334432,-17.16080848
DNAmADM,cg06133392,3.807023379
DNAmADM,cg23573129,1.521113068
DNAmADM,cg20585830,-13.05018979
DNAmADM,cg19253577,11.75397955
DNAmADM,cg09219182,2.931727048
DNAmADM,cg01708387,0.525023423
DNAmADM,cg18476633,4.01521121
DNAmADM,cg26341773,4.184173624
DNAmADM,cg25034591,11.46347893
DNAmADM,cg03102848,66.09310945
DNAmADM,cg18154457,-14.68732153
DNAmADM,cg11924796,-7.299796544
DNAmADM,cg08871010,-18.90867665
DNAmADM,cg06780601,-13.2113598
DNAmADM,cg27395754,-33.60931189
DNAmADM,cg02587153,3.084085092
DNAmADM,cg15192905,7.930964895
DNAmADM,cg08352336,0.252529729
DNAmADM,cg01997410,0.174798146
DNAmADM,cg16730484,-15.29699136
DNAmADM,cg22686892,2.485455031
DNAmADM,cg14073590,6.402178278
DNAmADM,cg07989867,8.172392064
DNAmADM,cg21080294,0.086318377
DNAmADM,cg14680768,0.86072996
DNAmADM,cg10142252,12.53463601
DNAmADM,cg18717447,11.48152154
DNAmADM,cg03960747,-6.028824091
DNAmADM,cg16832801,-9.244571483
DNAmPAI1,Intercept,-1129.601744
DNAmPAI1,cg10143960,62.57840495
DNAmPAI1,cg07284273,321.1955481
DNAmPAI1,cg17747265,-476.7257722
DNAmPAI1,cg09971184,6221.585387
DNAmPAI1,cg00935435,7843.179899
DNAmPAI1,cg15651727,-313.1407795
DNAmPAI1,cg13990487,-3855.916412
DNAmPAI1,cg00456299,3294.652461
DNAmPAI1,cg04974804,752.2315379
DNAmPAI1,cg13574848,-47.93123449
DNAmPAI1,cg25616777,301.0967729
DNAmPAI1,cg12386614,-321.5203524
DNAmPAI1,cg15355146,24.40200123
DNAmPAI1,cg19471466,-568.0665926
DNAmPAI1,cg14709691,-3272.887657
DNAmPAI1,cg21280384,1760.79304
DNAmPAI1,cg14476101,-6259.561221
DNAmPAI1,cg19693031,-10119.81535
DNAmPAI1,cg16700924,2037.019184
DNAmPAI1,cg20246707,2472.403552
DNAmPAI1,cg01365152,-3049.897849
DNAmPAI1,cg20327105,4225.282586
DNAmPAI1,cg25741192,982.7287959
DNAmPAI1,cg13678787,-152.8766001
DNAmPAI1,cg02591356,-356.9750066
DNAmPAI1,cg26471058,-4542.030067
DNAmPAI1,cg25939861,433.3308101
DNAmPAI1,cg03913456,-169.2424637
DNAmPAI1,cg24506130,-2095.550521
DNAmPAI1,cg26009035,311.5204961
DNAmPAI1,cg05308744,-17.00532352
DNAmPAI1,cg22663545,4431.735957
DNAmPAI1,cg02767242,1918.002325
DNAmPAI1,cg13603203,2327.358238
DNAmPAI1,cg20951650,4428.042588
DNAmPAI1,cg18405719,-764.8258954
DNAmPAI1,cg21614211,2152.270554
DNAmPAI1,cg06813250,390.8633601
DNAmPAI1,cg15705999,895.7830943
DNAmPAI1,cg09000779,1794.706567
DNAmPAI1,cg12473849,-406.8387742
DNAmPAI1,cg27336439,-1818.640734
DNAmPAI1,cg00480331,810.0369968
DNAmPAI1,cg13724379,2360.006584
DNAmPAI1,cg15012625,-1971.541466
DNAmPAI1,cg01658265,-2011.486477
DNAmPAI1,cg00252095,-2538.085056
DNAmPAI1,cg26805150,-427.2829635
DNAmPAI1,cg02373784,4591.724458
DNAmPAI1,cg07951602,286.7629563
DNAmPAI1,cg19719391,2803.889355
DNAmPAI1,cg08284371,3668.769308
DNAmPAI1,cg26816491,819.756996
DNAmPAI1,cg06690548,-4122.693219
DNAmPAI1,cg18376497,-314.3544478
DNAmPAI1,cg06176987,1383.091231
DNAmPAI1,cg22744079,-642.0743309
DNAmPAI1,cg16400903,60578.64044
DNAmPAI1,cg09884076,2251.887309
DNAmPAI1,cg12599971,423.2370259
DNAmPAI1,cg26403843,1921.428629
DNAmPAI1,cg07017437,-833.5372707
DNAmPAI1,cg21036336,1048.383777
DNAmPAI1,cg03714531,26482.89906
DNAmPAI1,cg23036136,-752.4168357
DNAmPAI1,cg10189661,758.9346539
DNAmPAI1,cg05218245,11272.96549
DNAmPAI1,cg04018738,4711.76495
DNAmPAI1,cg02115397,1757.937421
DNAmPAI1,cg12927358,9715.711081
DNAmPAI1,cg05466385,-348.5416783
DNAmPAI1,cg01702009,1763.919206
DNAmPAI1,cg06560379,-23106.41737
DNAmPAI1,cg21710255,-216.905829
DNAmPAI1,cg20459712,1535.204655
DNAmPAI1,cg18718984,922.0543692
DNAmPAI1,cg03707967,-41.22903107
DNAmPAI1,cg02027561,-2438.116583
DNAmPAI1,cg00695799,-1048.591816
DNAmPAI1,cg18116267,-5706.483512
DNAmPAI1,cg17501210,-4317.188386
DNAmPAI1,cg26905845,-1895.450333
DNAmPAI1,cg03730314,187.1846391
DNAmPAI1,cg03394401,-944.2145873
DNAmPAI1,cg19196326,195.2042429
DNAmPAI1,cg13550401,4758.166466
DNAmPAI1,cg08549335,-321.2362945
DNAmPAI1,cg17220237,194.0006183
DNAmPAI1,cg22322818,-6245.036515
DNAmPAI1,cg08695830,-2189.098137
DNAmPAI1,cg17981101,-1514.637898
DNAmPAI1,cg01337813,2628.364805
DNAmPAI1,cg25977769,85.99036191
DNAmPAI1,cg07592681,-3266.77536
DNAmPAI1,cg09584650,-958.1576672
DNAmPAI1,cg01070197,-20393.5518
DNAmPAI1,cg17744279,-661.0451875
DNAmPAI1,cg13518625,-1163.409394
DNAmPAI1,cg03393241,-291.6135934
DNAmPAI1,cg22660904,1387.804757
DNAmPAI1,cg26074100,-238.2875559
DNAmPAI1,cg01029867,-42460.6632
DNAmPAI1,cg14268714,2283.345021
DNAmPAI1,cg13673536,3638.56333
DNAmPAI1,cg14457452,-297.0888266
DNAmPAI1,cg21208062,-3.715684723
DNAmPAI1,cg12020464,146.9097406
DNAmPAI1,cg13873209,-1613.126126
DNAmPAI1,cg13499318,-488.4409095
DNAmPAI1,cg13915886,-208.4853899
DNAmPAI1,cg08614871,-1942.935859
DNAmPAI1,cg22660341,-73.73280204
DNAmPAI1,cg19647685,1921.804286
DNAmPAI1,cg03153178,1362.74599
DNAmPAI1,cg10531748,609.443408
DNAmPAI1,cg01508796,2208.754696
DNAmPAI1,cg06439736,-3785.227502
DNAmPAI1,cg18853287,-2207.616255
DNAmPAI1,cg13446658,3090.435998
DNAmPAI1,cg03322338,-325.5491086
DNAmPAI1,cg09566331,304.0975924
DNAmPAI1,cg21992507,1822.751731
DNAmPAI1,cg01438090,-984.6270609
DNAmPAI1,cg01562537,1498.633117
DNAmPAI1,cg17044529,25.57166254
DNAmPAI1,cg00574958,-50898.29542
DNAmPAI1,cg17058475,-3697.61439
DNAmPAI1,cg21960184,17725.62268
DNAmPAI1,cg02395454,-209.902261
DNAmPAI1,cg24675983,187.8259851
DNAmPAI1,cg21574681,902.4876946
DNAmPAI1,cg17850642,2078.159746
DNAmPAI1,cg01031441,-492.8471667
DNAmPAI1,cg01638369,1236.671873
DNAmPAI1,cg07539443,4190.020648
DNAmPAI1,cg15997315,1832.408927
DNAmPAI1,cg13842421,-520.0129399
DNAmPAI1,cg02925268,9389.491468
DNAmPAI1,cg26975476,-265.2910749
DNAmPAI1,cg13589330,5258.297983
DNAmPAI1,cg02853801,-193.1102711
DNAmPAI1,cg06147196,70.06775739
DNAmPAI1,cg24126612,435.2083321
DNAmPAI1,cg26407029,3935.614907
DNAmPAI1,cg01802397,10016.62399
DNAmPAI1,cg01885071,2460.869113
DNAmPAI1,cg01308343,-704.475333
DNAmPAI1,cg15471661,386.6508122
DNAmPAI1,cg16558846,-2618.407496
DNAmPAI1,cg17382302,218.2649939
DNAmPAI1,cg25291250,-2897.607067
DNAmPAI1,cg01021485,28206.75261
DNAmPAI1,cg27505538,14708.70716
DNAmPAI1,cg24924577,550.8799544
DNAmPAI1,cg00564555,925.2065559
DNAmPAI1,cg02193806,542.7053564
DNAmPAI1,cg05732130,18047.77785
DNAmPAI1,cg02189786,10463.00128
DNAmPAI1,cg00534468,2562.6889
DNAmPAI1,cg03699074,-1748.016204
DNAmPAI1,cg01829657,-5535.439099
DNAmPAI1,cg00892703,-741.6753337
DNAmPAI1,cg27113347,5242.914814
DNAmPAI1,cg09826306,141.8587598
DNAmPAI1,cg25567048,22.73783978
DNAmPAI1,cg06513864,17976.28368
DNAmPAI1,cg11020638,1446.78248
DNAmPAI1,cg05815247,-769.3776056
DNAmPAI1,cg21348173,3105.938359
DNAmPAI1,cg22850234,1893.385046
DNAmPAI1,cg10508317,-6677.512204
DNAmPAI1,cg27637521,-2659.616096
DNAmPAI1,cg16252995,-3970.067797
DNAmPAI1,cg03524223,23669.08605
DNAmPAI1,cg05495454,-5867.994099
DNAmPAI1,cg07573872,-1757.169021
DNAmPAI1,cg22519313,-215.1648061
DNAmPAI1,cg05313771,1211.996612
DNAmPAI1,cg09522532,2799.020632
DNAmPAI1,cg15783941,1304.648792
DNAmPAI1,cg24115922,1766.688545
DNAmPAI1,cg18593194,964.5429797
DNAmPAI1,cg25654926,543.9696832
DNAmPAI1,cg10853231,900.7680115
DNAmPAI1,cg19717326,-1731.682279
DNAmPAI1,cg13650654,1499.541266
DNAmPAI1,cg02875404,725.3215333
DNAmPAI1,cg14889658,806.9233623
DNAmPAI1,cg12683410,-1043.503355
DNAmPAI1,cg16887334,-789.8518703
DNAmPAI1,cg26126740,3438.368044
DNAmPAI1,cg10120040,1011.209119
DNAmPAI1,cg25761955,2273.989075
DNAmPAI1,cg22871721,-210.7911445
DNAmPAI1,cg22778797,4597.111115
DNAmPAI1,cg27243685,855.1850804
DNAmPAI1,cg06500161,14363.78578
DNAmPAI1,cg17215151,-306.4595427
DNAmPAI1,cg01127300,-3615.650425
DNAmPAI1,cg12511214,2543.104254
DNAmPAI1,cg07031797,5733.930262
DNAmPAI1,cg22249566,-381.8503078
DNAmPAI1,cg17511128,-1849.779291
DNAmPAI1,cg02495445,1778.859391
DNAmPAI1,cg16088894,113.3297101
DNAmPAI1,cg13573587,1527.246141
DNAmPAI1,cg03788610,745.3463686
DNAmPAI1,cg03990195,20.54534652
DNAmPAI1,cg08147391,-3123.403758
DNAmPAI1,cg05548952,200.272325
DNAmPAI1,cg07929447,2689.948692
DNAmLeptin,Intercept,7210.062555
DNAmLeptin,cg11781622,399.8157175
DNAmLeptin,cg13947317,3861.580695
DNAmLeptin,cg24145109,4281.873546
DNAmLeptin,cg19694465,1714.111981
DNAmLeptin,cg15211499,-25588.53889
DNAmLeptin,cg10511249,25643.77174
DNAmLeptin,cg16383389,-3710.896933
DNAmLeptin,cg04607246,1028.214894
DNAmLeptin,cg08926056,4559.8158
DNAmLeptin,cg14652203,-9729.961107
DNAmLeptin,cg20248954,28351.38633
DNAmLeptin,cg23814988,60980.607
DNAmLeptin,cg05971102,894.3289153
DNAmLeptin,cg07520608,2256.300527
DNAmLeptin,cg01412762,-997.8344934
DNAmLeptin,cg09920725,16759.64498
DNAmLeptin,cg12977946,637.7293094
DNAmLeptin,cg20150163,-14579.91235
DNAmLeptin,cg04946715,-7351.828196
DNAmLeptin,cg08645207,37.74680593
DNAmLeptin,cg14716323,5151.525593
DNAmLeptin,cg01956624,-38035.12987
DNAmLeptin,cg00497251,-3955.98995
DNAmLeptin,cg27114661,-2736.428547
DNAmLeptin,cg17025841,154.3168335
DNAmLeptin,cg06841024,-5049.840735
DNAmLeptin,cg27326062,4.86061302
DNAmLeptin,cg10747042,-59299.39182
DNAmLeptin,cg18098839,-594.4842658
DNAmLeptin,cg13457961,3549.596512
DNAmLeptin,cg10407935,-4825.477677
DNAmLeptin,cg01096266,335.4860145
DNAmLeptin,cg05613002,6936.508392
DNAmLeptin,cg05890887,15074.09632
DNAmLeptin,cg06440348,781.0175574
DNAmLeptin,cg21833476,-6655.535973
DNAmLeptin,cg26036479,-550.4651688
DNAmLeptin,cg25629712,-389.0636919
DNAmLeptin,cg12716346,-1213.035928
DNAmLeptin,cg02514143,24.97302735
DNAmLeptin,cg15016740,65.77379944
DNAmLeptin,cg01256539,-1934.203211
DNAmLeptin,cg08260658,-697.1682098
DNAmLeptin,cg25024993,1391.068527
DNAmLeptin,cg22157525,-24617.38563
DNAmLeptin,cg21227060,-1330.318226
DNAmLeptin,cg17255947,-501.769534
DNAmLeptin,cg26372792,58135.54135
DNAmLeptin,cg26867866,-15740.06378
DNAmLeptin,cg09144073,-14404.24442
DNAmLeptin,cg11074353,583.6484126
DNAmLeptin,cg10000096,-3205.998198
DNAmLeptin,cg17501210,-5372.871739
DNAmLeptin,cg26960221,2016.401804
DNAmLeptin,cg24172278,-12108.51207
DNAmLeptin,cg01753176,652.7037237
DNAmLeptin,cg21843627,186.6953473
DNAmLeptin,cg19080320,12399.56891
DNAmLeptin,cg20915897,1966.546943
DNAmLeptin,cg26116499,1392.503915
DNAmLeptin,cg07665217,-513.3730387
DNAmLeptin,cg02505126,2504.703653
DNAmLeptin,cg13565994,4129.144105
DNAmLeptin,cg17561365,-1024.291998
DNAmLeptin,cg09194449,706.4462886
DNAmLeptin,cg26206456,645.8830691
DNAmLeptin,cg21462914,-1802.010539
DNAmLeptin,cg17560136,1397.713913
DNAmLeptin,cg19033875,-6400.632526
DNAmLeptin,cg18995788,-2777.127849
DNAmLeptin,cg14387545,-42945.52732
DNAmLeptin,cg14626196,-2634.813574
DNAmLeptin,cg16704703,-969.6755621
DNAmLeptin,cg19328485,863.0370262
DNAmLeptin,cg04254609,-651.4583282
DNAmLeptin,cg02974659,620.4637981
DNAmLeptin,cg19795482,-1709.168746
DNAmLeptin,cg17133967,-13133.84913
DNAmLeptin,cg17639894,-31632.20713
DNAmLeptin,cg13657511,922.3733356
DNAmLeptin,cg26411299,1171.155432
DNAmLeptin,cg05425050,20186.8944
DNAmLeptin,cg11058730,-12052.84345
DNAmLeptin,cg05590616,2424.665426
DNAmLeptin,cg07268726,1831.986719
DNAmLeptin,cg02780017,96.15905904
DNAmLeptin,cg05710301,4653.136553
DNAmLeptin,cg00574958,-23541.59879
DNAmLeptin,cg02580722,8795.942608
DNAmLeptin,cg11507178,-1818.350358
DNAmLeptin,cg08832227,82.69296489
DNAmLeptin,cg22047262,2295.243156
DNAmLeptin,cg11043909,3732.599117
DNAmLeptin,cg06705834,-3207.659709
DNAmLeptin,cg17177219,329.2958425
DNAmLeptin,cg24805559,766.1399831
DNAmLeptin,cg10323552,-891.5016985
DNAmLeptin,cg13649020,-3158.706564
DNAmLeptin,cg01936220,-411.3079557
DNAmLeptin,cg09225388,1731.883418
DNAmLeptin,cg05241355,983.4730975
DNAmLeptin,cg21112391,230.0052075
DNAmLeptin,cg12155356,-3108.401615
DNAmLeptin,cg08140104,1348.3989
DNAmLeptin,cg01823956,-6972.369394
DNAmLeptin,cg10439456,571.9232556
DNAmLeptin,cg21791657,-2935.475457
DNAmLeptin,cg19510604,-5604.569362
DNAmLeptin,cg07120314,177527.1735
DNAmLeptin,cg10530344,-466.5335478
DNAmLeptin,cg21658515,-8259.562879
DNAmLeptin,cg16708495,1614.263133
DNAmLeptin,cg03997502,97.83918782
DNAmLeptin,cg08405844,-17.22268733
DNAmLeptin,cg05144928,-111.8654657
DNAmLeptin,cg09351263,-91.08173347
DNAmLeptin,cg22510362,703.7846118
DNAmLeptin,cg03072681,-77.70118401
DNAmLeptin,cg06959205,-507.3314612
DNAmLeptin,cg00892703,-1314.129115
DNAmLeptin,cg06912355,306.0510052
DNAmLeptin,cg13606988,4565.824772
DNAmLeptin,cg16569347,4105.738419
DNAmLeptin,cg12165215,855.9714643
DNAmLeptin,cg08667899,16368.7261
DNAmLeptin,cg01130991,3463.559802
DNAmLeptin,cg12054453,-375.3464161
DNAmLeptin,cg18181703,-560.6150522
DNAmLeptin,cg10508317,-6991.586996
DNAmLeptin,cg27637521,-1478.899725
DNAmLeptin,cg04243822,11248.3782
DNAmLeptin,cg12486944,-570.236291
DNAmLeptin,cg24391240,-6867.311616
DNAmLeptin,cg19617213,23322.39356
DNAmLeptin,cg12846567,9420.530873
DNAmLeptin,cg03358468,10295.26129
DNAmLeptin,cg18569704,1059.404004
DNAmLeptin,cg15001547,140.6096739
DNAmLeptin,cg02991799,-26774.41282
DNAmLeptin,cg25450266,-1921.30082
DNAmLeptin,cg22030032,-5552.255026
DNAmLeptin,cg09915601,1767.011288
DNAmLeptin,cg03443360,3006.454383
DNAmLeptin,cg17758363,531.0423125
DNAmLeptin,cg14928764,2315.709965
DNAmLeptin,cg11850311,24469.40814
DNAmLeptin,cg14234805,-2124.110799
DNAmLeptin,cg20747455,411.5875929
DNAmLeptin,cg12112556,-2511.507755
DNAmLeptin,cg17262492,7076.659222
DNAmLeptin,cg07871532,232.0860396
DNAmLeptin,cg08548559,-179.0485844
DNAmLeptin,cg27115863,-2274.229741
DNAmLeptin,cg22650271,7641.218961
DNAmLeptin,cg19778944,-29876.29297
DNAmLeptin,cg23083672,2041.960777
DNAmLeptin,cg02758183,-4899.274233
DNAmLeptin,cg20308511,81.1718922
DNAmLeptin,cg21412053,-1385.112656
DNAmLeptin,cg26071410,875.0354197
DNAmLeptin,cg09625066,-4639.950402
DNAmLeptin,cg11235848,2973.031239
DNAmLeptin,cg02311013,-2170.988053
DNAmLeptin,cg21664443,-3061.649632
DNAmLeptin,cg05127178,385.3773417
DNAmLeptin,cg19110434,-127.520037
DNAmLeptin,cg25697726,2148.520557
DNAmLeptin,cg03204600,3238.206182
DNAmLeptin,cg11049305,107.1150082
DNAmLeptin,cg13501581,-4270.715107
DNAmLeptin,cg01564693,-4136.361017
DNAmLeptin,cg10509982,-482.7367021
DNAmLeptin,cg20557017,1316.688232
DNAmLeptin,cg05373692,377.1439534
DNAmLeptin,cg05470074,466.5591909
DNAmLeptin,cg08262933,1120.54901
DNAmLeptin,cg15062055,477.5191909
DNAmLeptin,cg12889449,1366.462301
DNAmLeptin,cg23955970,-212.8689774
DNAmLeptin,cg05530348,-1102.288196
DNAmLeptin,cg11595135,3745.520524
DNAmLeptin,cg06298190,251.0905928
DNAmLeptin,cg20686207,381.6825626
DNAmLeptin,cg14686949,-795.8567583
DNAmLeptin,cg18003791,2671.475726
DNAmLeptin,cg05295197,-1501.562991
DNAmLeptin,cg23106779,2762.079458
DNAmPACKYRS,Intercept,-31.99702227
DNAmPACKYRS,Age,0.142143891
DNAmPACKYRS,cg20462449,14.69794947
DNAmPACKYRS,cg19802390,0.459989489
DNAmPACKYRS,cg14084907,0.382295598
DNAmPACKYRS,cg23251761,7.986436882
DNAmPACKYRS,cg14825555,1.68030998
DNAmPACKYRS,cg04967775,1.096749783
DNAmPACKYRS,cg05817517,16.30382392
DNAmPACKYRS,cg00500789,2.40145796
DNAmPACKYRS,cg23800435,0.685907032
DNAmPACKYRS,cg08871545,1.677318963
DNAmPACKYRS,cg04135242,21.50156467
DNAmPACKYRS,cg25189904,-2.096100295
DNAmPACKYRS,cg16511983,2.292730541
DNAmPACKYRS,cg12067764,0.128796256
DNAmPACKYRS,cg09396704,0.51890028
DNAmPACKYRS,cg17440248,9.517244855
DNAmPACKYRS,cg01491219,1.363695563
DNAmPACKYRS,cg02356786,1.775402061
DNAmPACKYRS,cg08980304,2.124492065
DNAmPACKYRS,cg26881591,3.708309183
DNAmPACKYRS,cg14528537,3.046075368
DNAmPACKYRS,cg04053045,1.327420342
DNAmPACKYRS,cg05515143,-0.6062916
DNAmPACKYRS,cg06625640,-1.11719719
DNAmPACKYRS,cg00102512,-13.95649719
DNAmPACKYRS,cg06372850,0.365790372
DNAmPACKYRS,cg16978914,-0.648516871
DNAmPACKYRS,cg00706683,4.8814322
DNAmPACKYRS,cg06644428,-24.69486377
DNAmPACKYRS,cg21566642,-37.78700124
DNAmPACKYRS,cg21120063,-0.580799608
DNAmPACKYRS,cg00356999,4.310892273
DNAmPACKYRS,cg02931526,-2.080348691
DNAmPACKYRS,cg19393314,7.757108769
DNAmPACKYRS,cg15876825,1.516762372
DNAmPACKYRS,cg21770393,0.065128362
DNAmPACKYRS,cg01206872,14.47598074
DNAmPACKYRS,cg02019988,0.125763968
DNAmPACKYRS,cg04785972,1.518864292
DNAmPACKYRS,cg19859270,-47.38626474
DNAmPACKYRS,cg16665506,0.319724421
DNAmPACKYRS,cg01328703,13.85390351
DNAmPACKYRS,cg17894318,2.065314116
DNAmPACKYRS,cg17500754,1.700751372
DNAmPACKYRS,cg21924273,67.50523683
DNAmPACKYRS,cg22518157,1.554802596
DNAmPACKYRS,cg22659049,0.084150462
DNAmPACKYRS,cg25806704,-2.58635668
DNAmPACKYRS,cg07973162,-0.290174324
DNAmPACKYRS,cg10144483,-0.150281185
DNAmPACKYRS,cg11554391,-1.625196903
DNAmPACKYRS,cg05575921,-43.0869322
DNAmPACKYRS,cg03604011,4.060668468
DNAmPACKYRS,cg12035880,0.599925084
DNAmPACKYRS,cg19601991,12.72488709
DNAmPACKYRS,cg26921969,6.555467273
DNAmPACKYRS,cg04836987,3.117816517
DNAmPACKYRS,cg15658426,-0.330927598
DNAmPACKYRS,cg21777188,0.091293775
DNAmPACKYRS,cg05845376,1.148687555
DNAmPACKYRS,cg07039560,0.489136761
DNAmPACKYRS,cg25587069,17.96694709
DNAmPACKYRS,cg13667243,2.381331556
DNAmPACKYRS,cg12363682,0.107930599
DNAmPACKYRS,cg07412232,-2.771003844
DNAmPACKYRS,cg15174951,23.34977072
DNAmPACKYRS,cg18892128,1.861772765
DNAmPACKYRS,cg14924781,5.003749135
DNAmPACKYRS,cg25955180,0.961628707
DNAmPACKYRS,cg27067781,2.991633777
DNAmPACKYRS,cg21091547,-6.686851304
DNAmPACKYRS,cg26470115,3.063395843
DNAmPACKYRS,cg04344923,2.783604084
DNAmPACKYRS,cg06413272,0.147775649
DNAmPACKYRS,cg02817030,5.365511872
DNAmPACKYRS,cg26403206,-5.951830446
DNAmPACKYRS,cg15777014,2.747317285
DNAmPACKYRS,cg01704252,4.829419045
DNAmPACKYRS,cg15600935,21.9966522
DNAmPACKYRS,cg25949550,-17.24767428
DNAmPACKYRS,cg11207515,0.139611859
DNAmPACKYRS,cg09159795,1.822118623
DNAmPACKYRS,cg07338119,-3.47170502
DNAmPACKYRS,cg09608412,11.0856959
DNAmPACKYRS,cg14700531,2.483894939
DNAmPACKYRS,cg03900851,16.01100623
DNAmPACKYRS,cg27272363,0.084351627
DNAmPACKYRS,cg16821867,-3.859998474
DNAmPACKYRS,cg15410835,-0.828013888
DNAmPACKYRS,cg00844308,-1.489778513
DNAmPACKYRS,cg13728106,-4.187361777
DNAmPACKYRS,cg19012696,-4.072548988
DNAmPACKYRS,cg17886420,0.690595072
DNAmPACKYRS,cg12465010,-0.869500275
DNAmPACKYRS,cg15777335,14.20266878
DNAmPACKYRS,cg03634479,6.551137455
DNAmPACKYRS,cg13458005,0.388134632
DNAmPACKYRS,cg14371731,7.683394437
DNAmPACKYRS,cg23322172,10.8085544
DNAmPACKYRS,cg02089135,6.160446265
DNAmPACKYRS,cg05747812,0.373792872
DNAmPACKYRS,cg11019008,21.39008062
DNAmPACKYRS,cg02580250,-1.386428306
DNAmPACKYRS,cg24869272,0.936046849
DNAmPACKYRS,cg23938637,0.538599491
DNAmPACKYRS,cg09690118,0.164719486
DNAmPACKYRS,cg01518025,2.130945535
DNAmPACKYRS,cg06809342,1.253729735
DNAmPACKYRS,cg00161556,0.004516974
DNAmPACKYRS,cg06911753,43.56481497
DNAmPACKYRS,cg04265051,1.205889029
DNAmPACKYRS,cg16385335,3.597107849
DNAmPACKYRS,cg11660018,-6.722415718
DNAmPACKYRS,cg23771366,-2.421866677
DNAmPACKYRS,cg12051762,2.051753841
DNAmPACKYRS,cg10130564,0.196302622
DNAmPACKYRS,cg19174059,-8.436635358
DNAmPACKYRS,cg04832325,0.514769452
DNAmPACKYRS,cg08161922,1.376285087
DNAmPACKYRS,cg00417288,0.625992976
DNAmPACKYRS,cg21368094,9.700846551
DNAmPACKYRS,cg05661164,1.190490533
DNAmPACKYRS,cg09244872,-6.647780972
DNAmPACKYRS,cg22277972,-15.66881194
DNAmPACKYRS,cg13406893,1.711039883
DNAmPACKYRS,cg12384004,-0.053415462
DNAmPACKYRS,cg17116694,13.06576913
DNAmPACKYRS,cg25939203,28.14395296
DNAmPACKYRS,cg02922734,-18.41051974
DNAmPACKYRS,cg01873886,1.146062237
DNAmPACKYRS,cg01637125,1.576313251
DNAmPACKYRS,cg10920224,0.513419727
DNAmPACKYRS,cg18425651,-18.57178865
DNAmPACKYRS,cg13316619,-0.139014389
DNAmPACKYRS,cg23047825,-2.452917086
DNAmPACKYRS,cg08923669,0.002021538
DNAmPACKYRS,cg06259664,3.225375382
DNAmPACKYRS,cg05090127,3.225138456
DNAmPACKYRS,cg01960979,-1.56476388
DNAmPACKYRS,cg06213463,50.49198207
DNAmPACKYRS,cg01773760,14.60005615
DNAmPACKYRS,cg01130056,-6.105876751
DNAmPACKYRS,cg03974717,11.24476187
DNAmPACKYRS,cg26573797,-47.79651922
DNAmPACKYRS,cg06127256,13.26412321
DNAmPACKYRS,cg03574306,0.145934276
DNAmPACKYRS,cg08439518,0.811635344
DNAmPACKYRS,cg11235787,-4.146216477
DNAmPACKYRS,cg20361594,11.33414512
DNAmPACKYRS,cg13029847,6.909930102
DNAmPACKYRS,cg00126959,9.991275586
DNAmPACKYRS,cg24093538,4.432932511
DNAmPACKYRS,cg16067628,2.439019764
DNAmPACKYRS,cg15258649,0.092470241
DNAmPACKYRS,cg03294557,0.61196656
DNAmPACKYRS,cg23777956,2.816387202
DNAmPACKYRS,cg03636183,-52.86770656
DNAmPACKYRS,cg06418475,-3.950910832
DNAmPACKYRS,cg27152890,2.317353294
DNAmPACKYRS,cg09438320,-3.72868334
DNAmPACKYRS,cg12157673,0.471970569
DNAmPACKYRS,cg22455450,8.490063134
DNAmPACKYRS,cg05303999,-10.04957081
DNAmPACKYRS,cg16416603,6.460287304
DNAmPACKYRS,cg05276137,-2.030775796
DNAmPACKYRS,cg16983817,9.324873975
DNAmPACKYRS,cg00744433,0.578512272
DNAmPACKYRS,cg08706141,4.53802293
DNAmPACKYRS,cg03860256,2.320979127
DNAmPACKYRS,cg27087885,3.437674254
DNAmPACKYRS,cg20448001,0.77682161
DNAmPACKYRS,cg15480287,-3.677021914
COX,DNAmGDF15, 0.000348777412272004
COX,DNAmB2M, 4.59105969389204e-07
COX,DNAmCystatinC, 3.49816671441537e-06
COX,DNAmTIMP1, 0.000143661105491888
COX,DNAmADM, 0.00790270975255529
COX,DNAmPAI1, 2.55560382039825e-05
COX,DNAmLeptin, -7.32066983502079e-06
COX,DNAmPACKYRS, 0.0303981613409142
COX,Age, 0.0300823182194075
COX,Female, -0.228468475622039
transform,m_age,59.63951
transform,sd_age,9.049608
transform,m_cox,13.20127
transform,sd_cox,1.086805