Position	Weight
Intercept	0
cg27437510	0.11
cg27396655	-0.33
cg27061971	0.14
cg26718511	0.18
cg26650655	-0.06
cg26535072	-0.15
cg25936902	-0.05
cg25062539	-0.35
cg24996883	-0.24
cg24881205	0.04
cg24739596	0
cg24441922	-0.15
cg24374161	-0.11
cg23731991	-0.07
cg23586440	0.01
cg23500537	0.08
cg22281505	-0.04
cg21572722	0.65
cg21515406	0.01
cg20897936	0.19
cg20847090	0.01
cg20755989	0.19
cg20704560	-0.03
cg20397034	-0.68
cg20283670	-0.14
cg19662687	-0.03
cg19381811	-0.08
cg19203457	0.09
cg18826352	0.09
cg18244483	0.22
cg17882660	0.04
cg16867657	0.47
cg16852756	-0.05
cg16703882	0.1
cg16618789	0.15
cg16514113	0.32
cg16374999	0.02
cg16314254	0.12
cg16243756	0.07
cg16181396	0.09
cg15774391	-0.14
cg14676592	0.14
cg13848598	0.05
cg13783238	0
cg13739066	0.05
cg13462622	0.04
cg12483947	-0.01
cg11804928	-0.25
cg11705975	0.18
cg11529819	-0.09
cg11298786	-0.1
cg11117945	-0.01
cg11092416	-0.09
cg11084334	0.03
cg11071401	0.23
cg10308629	-0.09
cg09678615	-0.08
cg09367901	0.04
cg08448547	0.06
cg08207604	-0.11
cg07809484	0.07
cg07638500	-0.03
cg07066898	0.07
cg06712013	-0.05
cg06455149	0.09
cg06430061	-0.02
cg06416491	-0.19
cg06198384	0
cg06144905	0.32
cg06048436	-0.15
cg05928290	0.16
cg05923197	0.04
cg05271255	-0.12
cg05024939	0.15
cg04948475	0
cg04937184	-0.05
cg04452203	-0.03
cg04221461	0.03
cg03555227	0.64
cg03493146	-0.16
cg03473016	0
cg03466124	-0.02
cg03020208	0.21
cg02980055	-0.14
cg02821342	-0.13
cg02426178	-0.36
cg02310103	-0.08
cg02209075	0.14
cg01704999	-0.1
cg01287592	-0.06
cg00609333	0.02
cg00095976	0.01
cg00085493	-0.1
cg00059225	0.02
