,Bas,Bmem,Bnv,CD4mem,CD4nv,CD8mem,CD8nv,Eos,Mono,NK,Neu,Treg
cg11778706,0.955249,0.952785,0.952098,0.878031,0.537969,0.948057,0.888722,0.966927,0.968246,0.963721,0.965449,0.950769
cg13745692,0.92911,0.902043,0.844677,0.678234,0.254925,0.94331,0.886924,0.93075,0.939189,0.941095,0.927505,0.82516
cg15163862,0.900973,0.87837,0.887581,0.839771,0.606405,0.893383,0.881795,0.915995,0.937818,0.930232,0.936261,0.85561
cg15667493,0.874087,0.893948,0.936615,0.740112,0.351105,0.86805,0.79729,0.921275,0.908633,0.880408,0.892574,0.879668
cg09590647,0.937638,0.925144,0.926716,0.93102,0.838008,0.938161,0.921041,0.935909,0.954722,0.940419,0.946591,0.920054
cg24160371,0.955266,0.957072,0.957249,0.853789,0.571804,0.945604,0.951958,0.961992,0.966334,0.959784,0.965203,0.940441
cg04200580,0.934729,0.946298,0.954429,0.773893,0.432325,0.941962,0.881526,0.95201,0.966785,0.911894,0.959066,0.896429
cg02177087,0.912582,0.915476,0.940899,0.888187,0.753129,0.935915,0.917409,0.930662,0.946359,0.939112,0.929447,0.943615
cg02690807,0.946105,0.93336,0.953381,0.893303,0.6096,0.942207,0.942532,0.944184,0.949088,0.934341,0.947159,0.885819
cg08486432,0.899059,0.90583,0.895015,0.781635,0.412049,0.918095,0.819462,0.920043,0.919161,0.928836,0.922097,0.854811
cg08674813,0.057092,0.047093,0.05835,0.122996,0.328359,0.064915,0.214241,0.071384,0.03547,0.050115,0.064543,0.094264
cg17565444,0.070098,0.061726,0.051425,0.152354,0.582447,0.07173,0.366557,0.05985,0.049621,0.074041,0.057333,0.135654
cg20208538,0.039985,0.050319,0.060542,0.062735,0.121398,0.032772,0.061801,0.027459,0.029917,0.02935,0.029942,0.046579
cg08747761,0.081205,0.050063,0.056215,0.152824,0.267898,0.053172,0.146987,0.046225,0.039218,0.043336,0.043605,0.071178
cg16576285,0.053406,0.06912,0.056116,0.104997,0.195162,0.061423,0.121496,0.045799,0.049097,0.043368,0.046565,0.101024
cg08269714,0.078519,0.057128,0.056896,0.196226,0.403382,0.082499,0.258299,0.05808,0.048952,0.063988,0.094732,0.14669
cg10931172,0.070611,0.055157,0.072353,0.365687,0.614923,0.208302,0.197787,0.039909,0.037331,0.044385,0.035179,0.223319
cg18421366,0.054389,0.096558,0.147783,0.114964,0.522014,0.051422,0.365271,0.056606,0.098078,0.038973,0.047947,0.06386
cg06805218,0.065283,0.104054,0.072888,0.355622,0.608291,0.093577,0.286217,0.0561,0.047128,0.055664,0.091872,0.26813
cg21268578,0.048147,0.051905,0.192138,0.282277,0.77573,0.069301,0.291612,0.029528,0.037884,0.045591,0.041503,0.172398
cg23635663,0.978768,0.976506,0.978505,0.569781,0.971528,0.892418,0.964144,0.979991,0.981857,0.978346,0.97927,0.791483
cg10712263,0.881885,0.859331,0.886474,0.60575,0.902154,0.838733,0.914665,0.904987,0.919899,0.903544,0.903271,0.808074
cg03984633,0.948491,0.920926,0.960026,0.592779,0.953825,0.887462,0.950304,0.962734,0.96798,0.944619,0.96222,0.912012
cg27576286,0.950067,0.934767,0.953829,0.735196,0.900678,0.928608,0.933222,0.956623,0.965973,0.963562,0.956984,0.914551
cg00789615,0.946456,0.907261,0.938575,0.5588,0.912803,0.889296,0.935051,0.956329,0.948147,0.946293,0.944937,0.797616
cg20591136,0.966121,0.973702,0.97863,0.639063,0.969823,0.888495,0.969786,0.963435,0.97875,0.969632,0.966147,0.86191
cg08012294,0.931237,0.942067,0.953945,0.436592,0.897543,0.942036,0.957648,0.963211,0.943648,0.959425,0.958154,0.774941
cg19811231,0.946645,0.870625,0.954698,0.491003,0.904062,0.812528,0.956792,0.946507,0.945177,0.954297,0.939391,0.905333
cg13335048,0.940787,0.937478,0.95845,0.727996,0.95405,0.878805,0.945592,0.958438,0.957614,0.954734,0.957491,0.921928
cg27109907,0.943125,0.933239,0.935498,0.753941,0.937266,0.907795,0.936933,0.948805,0.957706,0.951633,0.952579,0.902015
cg16323491,0.022277,0.023144,0.019783,0.261905,0.067547,0.121877,0.032668,0.017989,0.02003,0.020562,0.022245,0.118815
cg08388111,0.02083,0.025396,0.019517,0.424506,0.074646,0.206623,0.038343,0.016986,0.018047,0.02,0.021816,0.271003
cg23183121,0.018177,0.015005,0.014648,0.313058,0.153562,0.122493,0.052615,0.014091,0.026204,0.079967,0.027157,0.138491
cg23164938,0.057939,0.060064,0.054966,0.289415,0.076069,0.072056,0.060319,0.045652,0.042627,0.045642,0.049798,0.228406
cg06591185,0.106842,0.164744,0.128267,0.384598,0.195027,0.198747,0.172189,0.081212,0.104543,0.127134,0.101409,0.201117
cg21608605,0.06625,0.061588,0.0697,0.306221,0.115173,0.099395,0.083958,0.081461,0.05757,0.070466,0.069683,0.213602
cg20627916,0.137734,0.118651,0.103793,0.531141,0.200147,0.189826,0.143269,0.129978,0.10487,0.114915,0.123522,0.362112
cg13857210,0.022369,0.095598,0.026049,0.353397,0.060916,0.026137,0.024698,0.021366,0.033048,0.019115,0.026,0.088243
cg09590840,0.043233,0.0426,0.049046,0.19399,0.064564,0.120034,0.048948,0.043477,0.035933,0.036976,0.036729,0.120551
cg10409248,0.015474,0.040388,0.016212,0.197236,0.026595,0.116266,0.024126,0.012706,0.013174,0.015438,0.015213,0.052035
cg13001620,0.299274,0.934413,0.95687,0.926115,0.959864,0.95582,0.964738,0.907487,0.965691,0.954867,0.943212,0.940294
cg03370360,0.179455,0.935154,0.935071,0.938368,0.947452,0.956691,0.952506,0.956586,0.961219,0.959139,0.959903,0.950929
cg06291428,0.505469,0.982824,0.982785,0.97649,0.980826,0.981314,0.981726,0.98302,0.986611,0.985922,0.984521,0.978578
cg00551398,0.334624,0.926375,0.942983,0.922816,0.947683,0.946788,0.953913,0.89969,0.951292,0.948717,0.941532,0.944169
cg24501859,0.391081,0.954989,0.962085,0.946582,0.95543,0.9568,0.962376,0.888498,0.961322,0.951025,0.953624,0.96091
cg26252958,0.388172,0.89446,0.919299,0.899754,0.928303,0.923822,0.937996,0.902399,0.935757,0.917457,0.928855,0.920459
cg11266618,0.281194,0.959946,0.961005,0.951496,0.959284,0.961811,0.962147,0.899075,0.961034,0.95789,0.961779,0.95834
cg06026117,0.568996,0.97003,0.971571,0.955617,0.967563,0.970286,0.972272,0.957505,0.97327,0.967904,0.969394,0.938218
cg03650665,0.352365,0.950903,0.951863,0.940871,0.954242,0.953613,0.956465,0.964591,0.962293,0.946485,0.963545,0.955416
cg17890852,0.191863,0.956068,0.961155,0.950179,0.960026,0.958982,0.9674,0.939034,0.972722,0.964902,0.963799,0.951961
cg17039369,0.203972,0.048109,0.064357,0.077017,0.055903,0.055951,0.059996,0.046303,0.056342,0.045181,0.057819,0.06315
cg13699845,0.182056,0.057151,0.071856,0.069614,0.060576,0.057871,0.054421,0.047491,0.074395,0.049939,0.047305,0.059061
cg14484844,0.621536,0.191259,0.300782,0.376375,0.325233,0.25302,0.292806,0.307009,0.378333,0.199229,0.287235,0.417713
cg17846460,0.350552,0.04341,0.047232,0.101628,0.11026,0.05017,0.09666,0.042915,0.094206,0.044238,0.044245,0.138829
cg19652019,0.585312,0.062372,0.063782,0.112016,0.077529,0.104716,0.128042,0.232797,0.073043,0.198147,0.101499,0.096274
cg13326482,0.306817,0.039524,0.040451,0.076022,0.045715,0.088664,0.047865,0.05559,0.070792,0.04104,0.081019,0.129335
cg20505645,0.236505,0.052626,0.047523,0.079932,0.102476,0.05448,0.104444,0.066658,0.071598,0.045091,0.044913,0.067545
cg03638567,0.618759,0.056761,0.061861,0.192083,0.151328,0.225387,0.126491,0.155877,0.058703,0.280543,0.079763,0.091055
cg06610589,0.559288,0.050299,0.053991,0.159152,0.135676,0.066644,0.120628,0.093297,0.277927,0.067079,0.060489,0.208099
cg02164561,0.47676,0.060939,0.057743,0.046435,0.034789,0.030267,0.031282,0.0661,0.088769,0.028451,0.054451,0.036937
cg19897676,0.957233,0.444609,0.942525,0.940272,0.960408,0.951172,0.962869,0.966454,0.967905,0.965511,0.9646,0.93821
cg25788647,0.953873,0.151411,0.911997,0.934443,0.955118,0.93547,0.959609,0.956105,0.963868,0.955671,0.959897,0.938408
cg19132501,0.951019,0.189431,0.894429,0.937151,0.95903,0.930473,0.961144,0.956592,0.962045,0.943198,0.961205,0.940788
cg07008893,0.957792,0.173781,0.93007,0.93921,0.957136,0.958613,0.959595,0.959899,0.968261,0.96234,0.966143,0.947554
cg21581865,0.934502,0.145693,0.906216,0.945299,0.948271,0.952362,0.954051,0.940655,0.964817,0.959287,0.961978,0.950637
cg13882064,0.95471,0.191405,0.912374,0.942902,0.954014,0.951458,0.955071,0.952584,0.953944,0.95437,0.955498,0.941559
cg22206842,0.944261,0.137136,0.901941,0.939306,0.955793,0.9442,0.956968,0.953728,0.953856,0.947698,0.95137,0.949436
cg22607375,0.955853,0.249361,0.929981,0.940461,0.957008,0.948284,0.959207,0.956401,0.967242,0.962939,0.965278,0.948245
cg09414241,0.944429,0.241955,0.918779,0.934331,0.950652,0.92762,0.95385,0.959703,0.947629,0.948283,0.947788,0.934894
cg03517570,0.959813,0.12978,0.896035,0.959149,0.955822,0.96101,0.960966,0.966783,0.969271,0.96924,0.966874,0.957763
cg22695339,0.101772,0.483629,0.18089,0.087459,0.080298,0.088542,0.1055,0.077694,0.093806,0.144032,0.077253,0.085701
cg25165932,0.039212,0.441081,0.092274,0.039771,0.040436,0.040628,0.035464,0.027603,0.042592,0.034953,0.038097,0.037466
cg18187680,0.06114,0.323942,0.108801,0.049892,0.050016,0.049368,0.050863,0.056534,0.055454,0.040632,0.055015,0.052544
cg10126903,0.06851,0.36433,0.114406,0.07039,0.074077,0.062145,0.055936,0.059443,0.049138,0.049936,0.053319,0.059399
cg02268561,0.063039,0.781235,0.135761,0.078893,0.070976,0.068656,0.069142,0.050034,0.096182,0.0645,0.080981,0.070287
cg14655316,0.064046,0.503817,0.1293,0.073193,0.069412,0.061211,0.066673,0.063781,0.06644,0.062485,0.057533,0.066061
cg22768487,0.038349,0.355617,0.069391,0.048061,0.042825,0.035712,0.037977,0.035223,0.032733,0.033394,0.03539,0.079058
cg04332442,0.072699,0.660748,0.153147,0.114528,0.08039,0.069961,0.069154,0.062997,0.076242,0.055186,0.070033,0.192471
cg27113059,0.015458,0.206797,0.025419,0.022838,0.020772,0.01905,0.017703,0.013617,0.018358,0.014497,0.015661,0.023746
cg24408469,0.038429,0.446168,0.085831,0.063718,0.045507,0.03043,0.033816,0.027488,0.03257,0.031828,0.033501,0.081449
cg18524177,0.92269,0.84328,0.508447,0.930484,0.935709,0.929887,0.941166,0.93477,0.938562,0.942431,0.932944,0.93645
cg08437936,0.947659,0.793737,0.229093,0.946393,0.890319,0.936933,0.942644,0.951689,0.960019,0.948638,0.946698,0.9479
cg13918228,0.874385,0.936638,0.245897,0.943977,0.8738,0.957005,0.94826,0.953846,0.959767,0.947119,0.955351,0.955211
cg25605180,0.869577,0.717253,0.170065,0.896313,0.900087,0.912542,0.912764,0.775178,0.861867,0.843647,0.862635,0.909885
cg07094228,0.889167,0.831189,0.242182,0.887129,0.857065,0.907358,0.900619,0.910805,0.915046,0.905384,0.884349,0.913401
cg03395275,0.946853,0.853907,0.403588,0.948132,0.949307,0.959641,0.954996,0.955831,0.959934,0.958021,0.95558,0.94909
cg26676273,0.884764,0.729679,0.198871,0.870919,0.892163,0.883475,0.902955,0.901322,0.910657,0.90338,0.902707,0.866527
cg26264767,0.95648,0.787642,0.147744,0.946382,0.953262,0.95503,0.955314,0.960029,0.96602,0.95314,0.963342,0.947973
cg00616028,0.913768,0.918628,0.619222,0.939985,0.943061,0.945108,0.9478,0.931534,0.937003,0.942566,0.950985,0.94433
cg11518040,0.928087,0.856666,0.339547,0.936094,0.9341,0.943355,0.937001,0.950292,0.940784,0.947176,0.94596,0.935591
cg23343486,0.119681,0.104138,0.328461,0.111946,0.108261,0.102384,0.105439,0.083425,0.109941,0.138029,0.088084,0.110701
cg08708167,0.251083,0.19556,0.865804,0.059882,0.062681,0.05217,0.055417,0.04756,0.045755,0.044723,0.040971,0.059436
cg15507690,0.079318,0.041737,0.474329,0.046766,0.044612,0.035337,0.036173,0.037113,0.035106,0.033803,0.032786,0.045037
cg07633212,0.083634,0.122187,0.683061,0.136222,0.190202,0.104969,0.213938,0.048279,0.059233,0.057323,0.052941,0.161379
cg00602743,0.066733,0.091492,0.257374,0.053495,0.050332,0.057335,0.049565,0.058179,0.066412,0.046533,0.070469,0.070297
cg00774089,0.104404,0.096953,0.887994,0.082751,0.07847,0.072529,0.073797,0.067118,0.05927,0.06287,0.056119,0.089637
cg02392359,0.104641,0.084511,0.745944,0.072605,0.32875,0.052803,0.105116,0.097743,0.078339,0.051732,0.279519,0.068385
cg23548969,0.12984,0.082049,0.716465,0.066281,0.053519,0.052234,0.052213,0.042113,0.246901,0.057974,0.050763,0.048751
cg08717003,0.078816,0.054634,0.475399,0.053813,0.049222,0.042846,0.042761,0.026844,0.047761,0.041011,0.043039,0.046378
cg11403608,0.082104,0.084268,0.837871,0.059692,0.113673,0.056829,0.161173,0.044623,0.046356,0.230075,0.046585,0.065956
cg13369763,0.930465,0.940134,0.954544,0.835735,0.943753,0.938842,0.95777,0.949747,0.958068,0.945613,0.945906,0.54595
cg11706083,0.898682,0.878139,0.919876,0.932113,0.934537,0.928636,0.942194,0.896952,0.911665,0.9271,0.889852,0.501212
cg18231005,0.945937,0.921721,0.941363,0.848512,0.954164,0.899796,0.951652,0.944459,0.92037,0.932337,0.926119,0.556127
cg22572158,0.928588,0.940815,0.953605,0.853288,0.951352,0.952348,0.955528,0.92711,0.960552,0.941657,0.951239,0.315137
cg04003505,0.94262,0.961807,0.962069,0.870322,0.951976,0.934916,0.926442,0.937875,0.906966,0.91807,0.924884,0.350279
cg15463664,0.934221,0.933812,0.939974,0.825369,0.942315,0.926431,0.946624,0.939941,0.951203,0.952571,0.947249,0.205525
cg05501327,0.960169,0.959363,0.960286,0.888099,0.958002,0.96162,0.961797,0.966137,0.969293,0.966308,0.965568,0.333623
cg07868018,0.957207,0.915241,0.955053,0.908623,0.953141,0.93069,0.958849,0.961064,0.962157,0.95623,0.962713,0.622247
cg08445080,0.956643,0.942972,0.955935,0.91584,0.952586,0.941896,0.957585,0.96171,0.964706,0.961232,0.965629,0.447478
cg20182977,0.927244,0.924018,0.957896,0.854719,0.954445,0.828945,0.956819,0.936907,0.934186,0.914254,0.93493,0.418223
cg15289427,0.075885,0.027617,0.028849,0.198985,0.045766,0.076471,0.042615,0.031621,0.038214,0.058996,0.062567,0.445015
cg21749794,0.042732,0.03547,0.03951,0.045518,0.036488,0.054036,0.032616,0.027302,0.030108,0.027458,0.030168,0.23496
cg07313373,0.051653,0.061622,0.051165,0.142528,0.120844,0.158443,0.12449,0.042002,0.042944,0.064064,0.054031,0.39919
cg25752955,0.070497,0.172016,0.087249,0.314252,0.222273,0.12424,0.138255,0.086427,0.068725,0.055403,0.258794,0.838432
cg11686792,0.104221,0.085471,0.081621,0.172148,0.080391,0.127909,0.073259,0.064608,0.070476,0.082935,0.071672,0.373482
cg03286833,0.117923,0.095214,0.078236,0.135867,0.110467,0.093994,0.0848,0.0738,0.078102,0.087448,0.066836,0.423092
cg11636629,0.015934,0.016951,0.014254,0.133074,0.019992,0.019256,0.018369,0.013757,0.014359,0.015824,0.016051,0.416297
cg13491413,0.116742,0.079617,0.089253,0.205783,0.095677,0.10396,0.079544,0.08909,0.117187,0.080027,0.115477,0.37378
cg06939307,0.128263,0.084299,0.081097,0.278138,0.134065,0.259748,0.164309,0.113722,0.148889,0.203578,0.135396,0.609375
cg00472685,0.079937,0.11467,0.10631,0.188326,0.143021,0.112548,0.124434,0.067588,0.05606,0.067178,0.063018,0.498981
cg09760189,0.87671,0.86939,0.890954,0.8781,0.892557,0.630186,0.886883,0.879454,0.910413,0.898971,0.897373,0.902025
cg08657911,0.945514,0.934047,0.942564,0.817098,0.93456,0.500813,0.93782,0.948936,0.953468,0.938973,0.95286,0.862119
cg17161650,0.98316,0.98095,0.986411,0.937471,0.980423,0.636746,0.956317,0.985812,0.987428,0.935119,0.985352,0.95756
cg18327204,0.951991,0.832965,0.948761,0.923893,0.948902,0.504874,0.942231,0.961105,0.966317,0.921425,0.960804,0.932573
cg27338089,0.945827,0.939891,0.943306,0.865858,0.949238,0.650188,0.92666,0.948938,0.94766,0.95123,0.954436,0.930092
cg07661702,0.960205,0.910309,0.96064,0.812447,0.958199,0.442263,0.935704,0.963827,0.964511,0.903824,0.964199,0.847601
cg16613029,0.87606,0.848817,0.893467,0.737946,0.843764,0.411965,0.808819,0.825492,0.884444,0.816384,0.7848,0.826095
cg03534847,0.952165,0.915946,0.956927,0.912658,0.9536,0.707123,0.950255,0.961298,0.966057,0.945419,0.961785,0.919781
cg03682895,0.94853,0.95387,0.950319,0.932704,0.948825,0.749013,0.948234,0.957585,0.957727,0.956456,0.955942,0.891323
cg05982017,0.948958,0.945497,0.950379,0.917042,0.945895,0.61421,0.935552,0.947953,0.965114,0.932917,0.961779,0.943957
cg27416749,0.015149,0.01352,0.012902,0.020671,0.01904,0.118281,0.020405,0.013767,0.013565,0.015293,0.014876,0.0201
cg19094555,0.091986,0.106454,0.108573,0.115258,0.104598,0.264384,0.126481,0.076431,0.079469,0.12176,0.079059,0.113156
cg13904970,0.014352,0.012705,0.012157,0.11432,0.018291,0.295754,0.022097,0.011413,0.012403,0.028265,0.013922,0.075078
cg14450605,0.042405,0.043808,0.041938,0.141041,0.078898,0.408199,0.130735,0.038789,0.041858,0.04931,0.04047,0.104972
cg18466674,0.023367,0.021264,0.019895,0.029151,0.03223,0.115426,0.031327,0.019922,0.01853,0.020583,0.021931,0.027396
cg24035962,0.048301,0.056928,0.054188,0.164202,0.083525,0.555936,0.126793,0.042387,0.053837,0.085569,0.04943,0.150492
cg23894854,0.027161,0.092218,0.030755,0.115865,0.046101,0.372162,0.072319,0.024577,0.024492,0.024742,0.023375,0.088503
cg04116545,0.019428,0.057939,0.01743,0.117435,0.030931,0.330658,0.060673,0.017977,0.018585,0.02182,0.020889,0.039659
cg04989440,0.053187,0.104872,0.049641,0.186969,0.093651,0.454946,0.121383,0.042807,0.049033,0.059597,0.051599,0.118225
cg21937377,0.058459,0.067675,0.044699,0.236129,0.068315,0.731041,0.119285,0.057109,0.035933,0.063242,0.037033,0.064961
cg06419846,0.979905,0.977345,0.983484,0.961242,0.945307,0.584852,0.229957,0.981457,0.98373,0.980986,0.977315,0.954333
cg22213242,0.875791,0.816882,0.854313,0.862274,0.874211,0.666101,0.444,0.900172,0.912014,0.911639,0.907093,0.867341
cg18016138,0.949976,0.958957,0.960138,0.932043,0.841294,0.924688,0.616007,0.949234,0.954364,0.969996,0.95233,0.922084
cg04047276,0.865814,0.863854,0.918631,0.83715,0.876396,0.714936,0.369886,0.860951,0.914756,0.901893,0.899799,0.912599
cg20330224,0.952909,0.949543,0.949703,0.92213,0.698747,0.953557,0.459524,0.950141,0.959344,0.946081,0.958044,0.907275
cg14027234,0.681854,0.699877,0.716775,0.749314,0.744033,0.610112,0.260749,0.657019,0.73991,0.760121,0.714965,0.780208
cg01983216,0.952602,0.953163,0.961721,0.923931,0.804629,0.919489,0.631091,0.96046,0.964204,0.937714,0.957747,0.921937
cg09799856,0.929332,0.935856,0.949732,0.940982,0.842469,0.921205,0.594883,0.886814,0.935606,0.796829,0.92269,0.935966
cg07707056,0.954626,0.951533,0.951397,0.947177,0.941175,0.875892,0.475268,0.94989,0.964979,0.953429,0.960274,0.951956
cg16704246,0.811701,0.889259,0.863857,0.829352,0.677567,0.832461,0.34029,0.8546,0.856161,0.844063,0.861008,0.686571
cg12392667,0.063025,0.081106,0.075796,0.198033,0.343291,0.411813,0.734908,0.05454,0.053798,0.192613,0.053011,0.163579
ch.12.4168779F,0.052567,0.038092,0.026787,0.040864,0.155041,0.029144,0.248164,0.042025,0.04447,0.093868,0.051263,0.043223
ch.15.97746216F,0.047437,0.058746,0.045214,0.051924,0.194695,0.045067,0.29149,0.045713,0.032286,0.036979,0.036966,0.071823
cg06007201,0.067869,0.134922,0.085712,0.091333,0.324371,0.085101,0.644738,0.059075,0.053947,0.253,0.058024,0.163582
ch.2.217478R,0.050342,0.034659,0.038334,0.047426,0.135835,0.051022,0.270542,0.036459,0.030509,0.061236,0.03366,0.047949
cg00151680,0.052334,0.050093,0.045406,0.082124,0.260441,0.084856,0.462992,0.038271,0.042569,0.047049,0.043052,0.058193
cg12100600,0.180849,0.109717,0.067871,0.148184,0.311485,0.114326,0.494181,0.152716,0.054827,0.126752,0.120102,0.196569
ch.22.30020508R,0.042102,0.045228,0.038585,0.043713,0.091409,0.043204,0.181961,0.036308,0.027531,0.03784,0.030143,0.04554
cg06690168,0.090321,0.093246,0.089064,0.115806,0.169787,0.141205,0.349299,0.076965,0.069514,0.070474,0.076796,0.11108
ch.6.33611621F,0.043895,0.03304,0.028381,0.053339,0.277468,0.078766,0.430044,0.034484,0.027025,0.067355,0.029287,0.061932
cg18550847,0.921529,0.917417,0.924267,0.90554,0.918563,0.930673,0.940596,0.174604,0.941518,0.929922,0.862404,0.931512
cg17138920,0.936015,0.920692,0.950893,0.952514,0.954814,0.957621,0.958709,0.257556,0.954681,0.958664,0.933373,0.94659
cg20315954,0.921988,0.913466,0.938716,0.939178,0.949018,0.932109,0.953322,0.312523,0.954728,0.94673,0.891836,0.941142
cg11668148,0.932607,0.923766,0.941849,0.88328,0.93352,0.899213,0.937257,0.076297,0.938092,0.932297,0.880886,0.893915
cg02803925,0.974571,0.982799,0.980772,0.970683,0.979493,0.978198,0.980525,0.02562,0.987143,0.985444,0.912643,0.976185
cg13197551,0.934188,0.937006,0.936131,0.921569,0.925789,0.927406,0.938294,0.314022,0.932577,0.936315,0.898036,0.930006
cg14084609,0.944614,0.944949,0.959291,0.933242,0.956447,0.956792,0.966346,0.156221,0.968717,0.961325,0.940123,0.939172
cg16409452,0.944396,0.933711,0.940332,0.93209,0.943149,0.937973,0.941628,0.261361,0.951535,0.918104,0.930513,0.932032
cg20560376,0.924293,0.950229,0.948398,0.936948,0.948679,0.945679,0.95041,0.220268,0.952317,0.948814,0.893333,0.948199
cg04152037,0.936907,0.934125,0.937083,0.935885,0.936719,0.943434,0.941848,0.347438,0.955819,0.951973,0.944947,0.934466
cg18850343,0.069826,0.075196,0.082063,0.071441,0.084625,0.061466,0.085389,0.190799,0.073452,0.062617,0.066068,0.068682
cg08023476,0.61995,0.590457,0.606655,0.5766,0.603627,0.59721,0.59557,0.706753,0.638853,0.610482,0.602035,0.55729
cg03037393,0.137576,0.052217,0.047364,0.067058,0.062171,0.064946,0.056492,0.365036,0.139972,0.047964,0.190374,0.066247
cg18172135,0.13654,0.285106,0.22205,0.184075,0.171259,0.195631,0.244209,0.57298,0.298261,0.24468,0.384654,0.14709
cg24756631,0.250873,0.058464,0.052656,0.061422,0.061538,0.05107,0.068771,0.445361,0.060869,0.042291,0.234778,0.063684
cg08610982,0.0495,0.036361,0.042394,0.055799,0.051894,0.046008,0.045945,0.157397,0.096059,0.037821,0.120598,0.051612
cg26860209,0.816297,0.823587,0.825943,0.809939,0.831023,0.828596,0.829254,0.902068,0.826664,0.807413,0.81899,0.823063
cg27522470,0.651429,0.59971,0.62332,0.605467,0.594898,0.63582,0.624299,0.762314,0.668134,0.621633,0.614759,0.631073
cg16559268,0.101707,0.096236,0.105357,0.105486,0.097032,0.082093,0.082223,0.33464,0.096019,0.069998,0.223324,0.112662
cg13732043,0.050201,0.015694,0.016859,0.024906,0.025063,0.020742,0.024088,0.398594,0.017619,0.040379,0.053161,0.026198
cg25270899,0.933182,0.950212,0.958423,0.94481,0.948477,0.957428,0.954814,0.954575,0.960182,0.453305,0.952833,0.950356
cg05355684,0.951568,0.953666,0.961403,0.932895,0.953397,0.918196,0.95681,0.957805,0.963555,0.132823,0.955455,0.929132
cg08527573,0.961859,0.959951,0.961113,0.955021,0.956858,0.962939,0.964139,0.968458,0.969381,0.354778,0.967159,0.96164
cg27274718,0.948369,0.950607,0.95129,0.947357,0.95018,0.949084,0.958069,0.952492,0.956214,0.125833,0.951847,0.951155
cg05253716,0.947504,0.949756,0.965399,0.958591,0.963102,0.963065,0.965864,0.969761,0.967577,0.332581,0.966484,0.961657
cg04306383,0.958147,0.957914,0.95857,0.952327,0.958256,0.960636,0.964015,0.962071,0.964204,0.666282,0.966993,0.957197
cg15876825,0.976722,0.983779,0.983001,0.9793,0.978858,0.97624,0.974126,0.961505,0.98652,0.470265,0.983406,0.979167
cg13598219,0.937018,0.956336,0.966801,0.962196,0.965523,0.945158,0.968409,0.936926,0.961455,0.331985,0.956183,0.966102
cg09134152,0.92293,0.900338,0.942332,0.907809,0.925457,0.907419,0.929778,0.91587,0.934404,0.262279,0.940407,0.919579
cg18857340,0.967224,0.968422,0.966588,0.965932,0.965171,0.965349,0.968863,0.971723,0.974276,0.334423,0.969564,0.964776
cg04313875,0.019526,0.017458,0.017602,0.024072,0.024099,0.027884,0.025961,0.016861,0.016924,0.213243,0.018675,0.0246
cg22897715,0.043326,0.139337,0.094757,0.162258,0.271062,0.102633,0.212906,0.032443,0.040495,0.637136,0.043636,0.079509
cg22236626,0.120537,0.10586,0.169924,0.145618,0.146289,0.211381,0.164425,0.121564,0.119189,0.410736,0.13114,0.154696
cg19323951,0.018954,0.017833,0.017974,0.079231,0.030419,0.082082,0.031247,0.017793,0.016206,0.35839,0.017497,0.1505
cg13575601,0.10572,0.04141,0.04489,0.064443,0.059955,0.054277,0.051883,0.077169,0.043642,0.523875,0.047438,0.057682
cg00149213,0.06553,0.05954,0.052217,0.067894,0.064013,0.131813,0.069009,0.056321,0.056259,0.36637,0.056501,0.064786
cg18786123,0.047793,0.089031,0.076339,0.147336,0.069857,0.282841,0.078969,0.036799,0.033224,0.545498,0.037892,0.138138
cg26931661,0.067674,0.062013,0.102552,0.076334,0.056395,0.187607,0.076343,0.077685,0.085674,0.584289,0.15094,0.079978
cg23781022,0.059681,0.0653,0.057108,0.066716,0.0589,0.157069,0.23177,0.073107,0.052448,0.8113,0.080858,0.066191
cg18881723,0.175263,0.090071,0.055822,0.070527,0.065879,0.197922,0.123073,0.142743,0.055993,0.775252,0.076689,0.063833
cg04682832,0.928801,0.941391,0.959519,0.943034,0.955706,0.953826,0.956828,0.850788,0.928679,0.953761,0.225201,0.942157
cg04179951,0.954592,0.939604,0.955559,0.931975,0.952955,0.947191,0.955932,0.93228,0.950338,0.954392,0.222824,0.945342
cg16107565,0.961214,0.966819,0.962542,0.958904,0.9604,0.967477,0.962698,0.953648,0.884234,0.969752,0.272347,0.963433
cg25600606,0.954374,0.962083,0.959817,0.954327,0.958808,0.962017,0.961505,0.916918,0.949952,0.965189,0.156048,0.954405
cg15715903,0.922111,0.947718,0.955119,0.937839,0.947538,0.945597,0.951188,0.911815,0.856749,0.939907,0.134846,0.944752
cg00237086,0.961778,0.963316,0.964726,0.948858,0.962581,0.95941,0.967871,0.9571,0.943532,0.960188,0.476415,0.945637
cg08824095,0.961049,0.967641,0.967845,0.961178,0.964846,0.969148,0.968266,0.955897,0.94842,0.97143,0.569048,0.962251
cg19619956,0.879324,0.906128,0.953154,0.906177,0.943474,0.918066,0.945372,0.857671,0.925286,0.931575,0.237143,0.913852
cg06500418,0.946916,0.941359,0.950828,0.922019,0.950595,0.94793,0.95704,0.940728,0.90858,0.953587,0.151544,0.933079
cg06784232,0.92253,0.928555,0.935878,0.918639,0.932255,0.908131,0.935707,0.927829,0.907686,0.913605,0.336106,0.926337
cg14781394,0.230007,0.086643,0.097879,0.11427,0.099091,0.082142,0.090821,0.200443,0.1104,0.073406,0.360692,0.085704
cg21761853,0.460311,0.153784,0.289291,0.230733,0.169849,0.174875,0.146217,0.413121,0.158747,0.121468,0.66586,0.363724
cg22113689,0.075675,0.060921,0.060358,0.073739,0.064778,0.065837,0.053922,0.044761,0.050231,0.13211,0.233853,0.055047
cg03753191,0.085542,0.063046,0.097815,0.063174,0.056148,0.053685,0.053169,0.074304,0.047292,0.046255,0.211851,0.049707
cg01410116,0.086886,0.080362,0.057907,0.072924,0.064893,0.054113,0.063737,0.189955,0.414321,0.051981,0.637642,0.063825
cg20170271,0.099577,0.052346,0.076112,0.068056,0.05684,0.047882,0.055237,0.100324,0.047419,0.043199,0.243754,0.051098
cg26341831,0.132497,0.040392,0.048799,0.307676,0.102763,0.063208,0.059127,0.365337,0.227078,0.0949,0.870033,0.280921
cg12623364,0.063603,0.056842,0.053939,0.056088,0.048067,0.076561,0.047298,0.051467,0.139075,0.039255,0.313221,0.073842
cg27253301,0.369088,0.06527,0.149519,0.082298,0.068487,0.070321,0.074196,0.553882,0.435476,0.154178,0.806296,0.074572
cg19942083,0.031637,0.017645,0.024501,0.024002,0.022819,0.020483,0.022078,0.017542,0.276435,0.023813,0.428597,0.023916
cg02244028,0.941206,0.941116,0.955891,0.943378,0.948323,0.939627,0.95347,0.953052,0.149805,0.949236,0.924177,0.940912
cg07617198,0.933551,0.959314,0.965153,0.958919,0.960879,0.959521,0.967209,0.956934,0.096683,0.961993,0.897579,0.962759
cg23244761,0.974265,0.97957,0.979052,0.975428,0.958967,0.97809,0.978494,0.978989,0.038283,0.981048,0.978149,0.973262
cg02290460,0.916186,0.942194,0.953819,0.929043,0.947162,0.941909,0.949593,0.950346,0.18336,0.927393,0.920498,0.947656
cg20918393,0.974966,0.982161,0.981581,0.9769,0.978609,0.971586,0.980342,0.980207,0.236483,0.982663,0.925426,0.974441
cg03963853,0.964664,0.974602,0.975597,0.967705,0.970188,0.964212,0.956213,0.976445,0.172871,0.969617,0.969832,0.966187
cg20290017,0.948819,0.948879,0.957663,0.950591,0.955706,0.958091,0.961401,0.962519,0.194722,0.963422,0.943796,0.955271
cg26872907,0.960173,0.965587,0.962695,0.969184,0.93844,0.961594,0.957091,0.968547,0.021495,0.971142,0.965849,0.954582
cg00771778,0.953228,0.959576,0.957701,0.955724,0.957135,0.944961,0.963282,0.959432,0.121364,0.967401,0.922949,0.958219
cg18639190,0.932347,0.921561,0.941379,0.931829,0.941788,0.942014,0.946247,0.941879,0.500955,0.953718,0.895909,0.934392
cg17788468,0.109411,0.041342,0.042324,0.054183,0.044931,0.043267,0.04064,0.041399,0.330968,0.034648,0.103606,0.080559
cg05422548,0.099094,0.112218,0.128654,0.125986,0.092864,0.208105,0.101347,0.07616,0.438778,0.111328,0.358194,0.186992
cg00649318,0.111865,0.196254,0.189118,0.195858,0.183084,0.143738,0.139167,0.136139,0.820818,0.100385,0.626967,0.32489
cg09201221,0.061658,0.089393,0.094852,0.052275,0.049501,0.05035,0.0505,0.126727,0.391671,0.038949,0.283999,0.051568
cg15480653,0.312115,0.037574,0.043386,0.055974,0.050978,0.050673,0.047016,0.121356,0.589645,0.21218,0.312568,0.045225
cg06086582,0.171676,0.046162,0.240144,0.064601,0.155894,0.049243,0.10476,0.054075,0.347634,0.043177,0.136758,0.057016
cg09347218,0.06428,0.065268,0.061018,0.059008,0.062434,0.050422,0.059947,0.046107,0.224403,0.047676,0.193945,0.065294
cg22026423,0.037725,0.041715,0.083022,0.044556,0.043874,0.043238,0.038032,0.034464,0.145554,0.034435,0.076801,0.046093
cg16405455,0.112218,0.041507,0.095969,0.091253,0.068093,0.049272,0.07425,0.054896,0.743952,0.190053,0.658025,0.058131
cg18937354,0.112176,0.19625,0.187829,0.104575,0.101013,0.085474,0.236784,0.093738,0.470089,0.066677,0.202936,0.106596